Date,Time,Temp. (Deg.C),pH,Redox (mV),DO (mg/L),Salinity (g/L),Con. (mS/cm),Latitude (DD),Longitude (DD),Temp. (Deg.C) at surface,pH at Surface,Redox (mV) at surface,DO (mg/L) at surface)
2023-04-08,12:14:00,,,,,,,22.514272,91.844457,,,,
2023-04-08,12:14:03,27.544,6.597,194.79,3.042,0.035,0.068,,,27.608,6.372,132.43,3.419
2023-04-08,12:14:13,27.537,6.516,198.84,3.041,0.034,0.068,,,27.621,6.348,133.72,3.442
2023-04-08,12:14:23,27.567,6.51,196.36,3.037,0.034,0.068,,,27.616,6.316,133.1,3.413
2023-04-08,12:14:33,27.581,6.518,194.16,3.039,0.034,0.068,,,27.615,6.356,131.39,3.428
2023-04-08,12:14:43,27.594,6.486,194.81,3.056,0.035,0.068,,,27.629,6.337,133.37,3.413
2023-04-08,12:14:53,27.599,6.459,195.42,3.029,0.035,0.068,,,27.625,6.343,132.53,3.438
2023-04-08,12:15:03,27.6,6.457,194.81,3.028,0.035,0.069,,,27.662,6.356,129.36,3.461
2023-04-08,12:15:13,27.613,6.509,191.16,3.052,0.035,0.07,,,27.665,6.259,134.36,3.452
2023-04-08,12:15:23,27.631,6.425,195.05,3.069,0.035,0.07,,,27.661,6.242,134.31,3.462
2023-04-08,12:15:33,27.631,6.379,196.36,3.06,0.035,0.07,,,27.662,6.267,131.36,3.445
2023-04-08,12:15:43,27.637,6.323,197.48,3.05,0.036,0.071,,,27.66,6.224,129.15,3.423
2023-04-08,12:15:53,27.632,6.316,198.48,3.042,0.036,0.071,,,27.661,6.241,126.58,3.431
2023-04-08,12:17:03,27.627,6.4,186.3,3.019,0.036,0.072,,,27.655,6.194,124.74,3.408
2023-04-08,12:17:13,27.635,6.376,184.68,3.026,0.036,0.072,,,27.66,6.194,125.3,3.417
2023-04-08,12:17:23,27.635,6.383,179.05,3.021,0.036,0.072,,,27.667,6.198,124.68,3.42
2023-04-08,12:17:33,27.635,6.33,179.18,3.025,0.036,0.072,,,27.655,6.205,123.95,3.445
2023-04-08,12:17:43,27.632,6.335,177.2,3.027,0.037,0.072,,,27.659,6.177,124.55,3.447
2023-04-08,12:17:53,27.63,6.382,172.97,3.024,0.036,0.072,,,27.65,6.206,123.16,3.421
2023-04-08,12:18:00,,,,,,,22.5137,91.84829,,,,
2023-04-08,12:18:03,27.628,6.315,175.71,3.022,0.037,0.072,,,27.649,6.183,122.57,3.413
2023-04-08,12:18:13,27.617,6.331,174.87,3.005,0.037,0.072,,,27.639,6.191,121.87,3.398
2023-04-08,12:18:23,27.614,6.315,174.92,3.001,0.037,0.072,,,27.639,6.164,123.39,3.387
2023-04-08,12:18:33,27.612,6.319,174.19,3.02,0.036,0.072,,,27.639,6.163,122.63,3.401
2023-04-08,12:18:43,27.615,6.315,174.13,3.004,0.036,0.071,,,27.638,6.142,124.74,3.411
2023-04-08,12:18:53,27.614,6.321,174.04,3.014,0.036,0.071,,,27.646,6.13,125.97,3.406
2023-04-08,12:19:03,27.62,6.329,173.17,3.014,0.036,0.071,,,27.647,6.135,127.07,3.435
2023-04-08,12:19:13,27.622,6.306,174.11,3.015,0.036,0.071,,,27.646,6.141,126.95,3.407
2023-04-08,12:19:23,27.622,6.325,172.5,3.013,0.036,0.071,,,27.652,6.13,128.83,3.431
2023-04-08,12:19:33,27.623,6.277,173.89,3.029,0.036,0.071,,,27.658,6.114,130.98,3.419
2023-04-08,12:19:43,27.621,6.274,173.66,3.009,0.036,0.071,,,27.656,6.118,131.54,3.424
2023-04-08,12:19:53,27.622,6.24,175.25,3.014,0.036,0.071,,,27.653,6.133,132.2,3.406
2023-04-08,12:20:00,,,,,,,22.512517,91.850213,,,,
2023-04-08,12:20:03,27.619,6.314,169.96,3.017,0.036,0.071,,,27.651,6.154,131.65,3.397
2023-04-08,12:20:13,27.614,6.311,170.21,3.001,0.036,0.071,,,27.648,6.149,132.2,3.411
2023-04-08,12:20:23,27.61,6.397,164.2,3.01,0.036,0.071,,,27.647,6.164,132.05,3.404
2023-04-08,12:20:33,27.618,6.44,160.03,2.998,0.036,0.071,,,27.644,6.131,132.73,3.398
2023-04-08,12:20:43,27.613,6.406,161.65,2.999,0.036,0.071,,,27.646,6.13,132.48,3.401
2023-04-08,12:20:53,27.616,6.378,162.0,3.016,0.036,0.07,,,27.648,6.135,132.28,3.429
2023-04-08,12:21:03,27.614,6.393,160.7,3.004,0.036,0.07,,,27.648,6.122,133.11,3.431
2023-04-08,12:21:13,27.611,6.392,159.65,3.004,0.036,0.07,,,27.649,6.133,133.14,3.432
2023-04-08,12:21:23,27.616,6.435,156.92,3.007,0.036,0.07,,,27.656,6.131,134.45,3.443
2023-04-08,12:21:33,27.628,6.449,154.36,3.014,0.036,0.071,,,27.655,6.122,134.59,3.455
2023-04-08,12:21:43,27.622,6.405,156.74,3.021,0.036,0.071,,,27.646,6.081,137.66,3.412
2023-04-08,12:21:53,27.62,6.349,157.96,2.999,0.036,0.071,,,27.642,6.1,135.46,3.38
2023-04-08,12:22:00,,,,,,,22.511792,91.85018,,,,
2023-04-08,12:22:03,27.611,6.327,158.81,3.019,0.036,0.071,,,27.627,6.078,136.11,3.389
2023-04-08,12:22:13,27.611,6.24,162.1,3.01,0.036,0.071,,,27.636,6.058,138.65,3.381
2023-04-08,12:22:23,27.604,6.277,158.18,3.002,0.036,0.071,,,27.636,6.056,140.59,3.42
2023-04-08,12:22:33,27.61,6.207,160.22,2.989,0.036,0.071,,,27.638,6.044,141.37,3.418
2023-04-08,12:22:43,27.608,6.274,154.66,2.984,0.036,0.071,,,27.629,6.056,141.44,3.398
2023-04-08,12:22:53,27.605,6.283,152.13,2.99,0.036,0.071,,,27.628,6.076,139.35,3.401
2023-04-08,12:23:03,27.604,6.25,151.06,2.986,0.036,0.071,,,27.622,6.087,138.12,3.388
2023-04-08,12:23:13,27.604,6.24,149.98,2.996,0.036,0.071,,,27.62,6.077,137.42,3.419
2023-04-08,12:23:23,27.602,6.211,150.25,3.0,0.036,0.07,,,27.619,6.099,135.54,3.385
2023-04-08,12:23:33,27.601,6.236,145.22,2.996,0.036,0.07,,,27.619,6.083,136.23,3.388
2023-04-08,12:23:43,27.599,6.258,140.83,3.015,0.035,0.07,,,27.614,6.081,135.7,3.42
2023-04-08,12:23:53,27.597,6.248,139.11,2.992,0.035,0.07,,,27.613,6.086,134.77,3.433
2023-04-08,12:24:00,,,,,,,22.509537,91.850287,,,,
2023-04-08,12:24:03,27.595,6.178,142.11,3.019,0.035,0.07,,,27.609,6.087,134.02,3.431
2023-04-08,12:24:13,27.594,6.221,140.05,3.013,0.035,0.069,,,27.61,6.079,134.8,3.419
2023-04-08,12:24:23,27.595,6.221,139.95,2.983,0.035,0.07,,,27.611,6.071,135.4,3.397
2023-04-08,12:24:33,27.596,6.228,139.67,3.004,0.035,0.069,,,27.615,6.07,135.3,3.418
2023-04-08,12:24:43,27.602,6.194,141.6,2.997,0.035,0.07,,,27.614,6.048,136.5,3.434
2023-04-08,12:24:53,27.596,6.182,142.85,3.015,0.035,0.07,,,27.606,6.055,136.75,3.449
2023-04-08,12:25:03,27.591,6.197,142.62,3.018,0.035,0.07,,,27.609,6.02,139.08,3.437
2023-04-08,12:25:13,27.593,6.208,142.55,2.998,0.035,0.07,,,27.613,6.007,137.99,3.5
2023-04-08,12:25:23,27.595,6.189,143.88,2.998,0.035,0.07,,,27.626,6.023,138.5,3.46
2023-04-08,12:25:33,27.603,6.158,146.28,2.978,0.035,0.07,,,27.626,6.007,139.21,3.462
2023-04-08,12:25:43,27.601,6.169,144.88,2.994,0.035,0.07,,,27.623,6.025,138.77,3.539
2023-04-08,12:25:53,27.592,6.179,144.36,2.996,0.036,0.07,,,27.613,6.026,137.81,3.437
2023-04-08,12:26:00,,,,,,,22.507317,91.851517,,,,
2023-04-08,12:26:03,27.596,6.248,140.08,3.006,0.036,0.07,,,27.613,6.048,136.5,3.4
2023-04-08,12:26:13,27.591,6.247,140.74,2.997,0.036,0.07,,,27.622,6.051,137.42,3.387
2023-04-08,12:26:23,27.592,6.298,138.15,2.998,0.035,0.07,,,27.624,6.032,138.47,3.37
2023-04-08,12:26:33,27.597,6.373,134.28,2.983,0.036,0.07,,,27.62,6.022,139.03,3.362
2023-04-08,12:26:43,27.597,6.378,134.51,2.998,0.036,0.07,,,27.62,6.03,138.43,3.366
2023-04-08,12:26:53,27.6,6.425,132.21,3.011,0.036,0.07,,,27.631,6.011,139.3,3.354
2023-04-08,12:27:03,27.597,6.334,138.3,3.015,0.036,0.07,,,27.634,5.996,139.37,3.334
2023-04-08,12:27:13,27.597,6.402,133.87,3.004,0.036,0.07,,,27.635,6.0,138.87,3.351
2023-04-08,12:27:23,27.601,6.416,132.97,2.989,0.036,0.07,,,27.633,6.013,137.36,3.364
2023-04-08,12:27:33,27.595,6.463,130.36,2.974,0.036,0.07,,,27.634,6.001,137.25,3.37
2023-04-08,12:27:43,27.594,6.502,127.87,2.987,0.036,0.07,,,27.633,5.988,136.79,3.363
2023-04-08,12:27:53,27.602,6.363,136.39,2.969,0.036,0.071,,,27.632,5.986,136.55,3.359
2023-04-08,12:28:00,,,,,,,22.506645,91.852097,,,,
2023-04-08,12:28:03,27.599,6.331,137.77,2.98,0.036,0.071,,,27.63,5.948,139.33,3.372
2023-04-08,12:28:13,27.6,6.221,144.24,2.969,0.036,0.071,,,27.63,5.97,137.82,3.385
2023-04-08,12:28:23,27.602,6.209,144.06,2.975,0.036,0.07,,,27.628,6.023,136.1,3.397
2023-04-08,12:28:33,27.597,6.197,143.7,2.974,0.036,0.071,,,27.627,6.016,136.73,3.415
2023-04-08,12:28:43,27.595,6.224,140.63,2.975,0.036,0.071,,,27.624,5.999,137.78,3.412
2023-04-08,12:28:53,27.594,6.195,141.93,3.001,0.036,0.071,,,27.62,5.966,140.26,3.416
2023-04-08,12:29:03,27.588,6.214,139.9,3.037,0.036,0.071,,,27.615,5.979,138.95,3.398
2023-04-08,12:29:13,27.588,6.202,139.72,3.013,0.036,0.071,,,27.611,6.001,137.66,3.408
2023-04-08,12:29:23,27.586,6.22,138.22,2.999,0.036,0.07,,,27.612,6.001,136.83,3.415
2023-04-08,12:29:33,27.584,6.228,137.49,2.995,0.036,0.07,,,27.612,6.002,136.64,3.419
2023-04-08,12:29:43,27.584,6.26,136.08,2.984,0.035,0.07,,,27.612,5.976,138.25,3.403
2023-04-08,12:29:53,27.586,6.236,137.9,2.999,0.036,0.07,,,27.613,5.943,140.29,3.415
2023-04-08,12:30:00,,,,,,,22.504717,91.852072,,,,
2023-04-08,12:30:03,27.589,6.211,139.16,3.0,0.036,0.07,,,27.635,5.945,138.73,3.396
2023-04-08,12:30:13,27.604,6.255,136.65,3.015,0.036,0.07,,,27.655,5.963,137.93,3.35
2023-04-08,12:30:23,27.609,6.305,133.77,2.989,0.036,0.071,,,27.654,5.961,138.3,3.347
2023-04-08,12:30:33,27.621,6.355,131.56,2.986,0.036,0.071,,,27.677,5.956,137.92,3.34
2023-04-08,12:30:43,27.647,6.331,132.63,2.954,0.036,0.072,,,27.664,5.976,137.24,3.315
2023-04-08,12:30:53,27.622,6.325,133.06,2.987,0.037,0.072,,,27.654,5.984,136.79,3.343
2023-04-08,12:31:03,27.611,6.307,133.42,2.998,0.037,0.073,,,27.649,5.982,136.36,3.356
2023-04-08,12:31:13,27.613,6.311,131.23,2.994,0.037,0.073,,,27.644,5.976,136.28,3.369
2023-04-08,12:31:23,27.61,6.253,132.38,2.99,0.037,0.074,,,27.644,5.978,136.29,3.369
2023-04-08,12:31:33,27.612,6.283,129.15,2.985,0.037,0.074,,,27.644,5.972,137.73,3.357
2023-04-08,12:31:43,27.61,6.275,128.8,2.996,0.037,0.073,,,27.631,5.972,139.21,3.359
2023-04-08,12:31:53,27.601,6.28,128.2,2.981,0.037,0.073,,,27.629,5.959,140.68,3.359
2023-04-08,12:32:00,,,,,,,22.503612,91.852182,,,,
2023-04-08,12:32:03,27.596,6.295,126.88,2.997,0.037,0.073,,,27.625,5.957,141.1,3.359
2023-04-08,12:32:13,27.594,6.258,129.22,3.01,0.036,0.072,,,27.621,5.954,140.36,3.357
2023-04-08,12:32:23,27.594,6.292,127.05,2.988,0.036,0.071,,,27.621,5.958,140.05,3.379
2023-04-08,12:32:33,27.595,6.263,129.07,3.01,0.036,0.071,,,27.621,5.94,141.75,3.364
2023-04-08,12:32:43,27.596,6.315,126.07,3.004,0.036,0.07,,,27.619,5.942,141.26,3.384
2023-04-08,12:32:53,27.593,6.324,126.31,3.027,0.036,0.07,,,27.615,5.929,142.12,3.374
2023-04-08,12:33:03,27.592,6.311,126.55,3.014,0.035,0.07,,,27.62,5.923,142.79,3.42
2023-04-08,12:33:13,27.591,6.293,127.74,3.03,0.035,0.069,,,27.618,5.932,142.68,3.441
2023-04-08,12:33:23,27.593,6.28,128.41,3.004,0.035,0.07,,,27.617,5.93,142.68,3.413
2023-04-08,12:33:33,27.594,6.274,129.23,3.008,0.035,0.07,,,27.623,5.927,142.93,3.422
2023-04-08,12:33:43,27.591,6.235,131.97,3.005,0.035,0.07,,,27.621,5.899,144.45,3.42
2023-04-08,12:33:53,27.594,6.222,132.92,3.017,0.036,0.07,,,27.625,5.91,144.07,3.439
2023-04-08,12:34:00,,,,,,,22.502023,91.85268,,,,
2023-04-08,12:34:03,27.597,6.203,133.71,2.997,0.036,0.07,,,27.629,5.89,145.52,3.444
2023-04-08,12:34:13,27.597,6.202,133.17,3.003,0.036,0.07,,,27.631,5.879,146.25,3.45
2023-04-08,12:34:23,27.615,6.187,133.61,2.996,0.036,0.07,,,27.648,5.872,147.2,3.398
2023-04-08,12:34:33,27.619,6.135,137.28,2.958,0.036,0.071,,,27.645,5.874,148.49,3.364
2023-04-08,12:34:43,27.619,6.168,135.57,2.958,0.036,0.071,,,27.649,5.877,147.91,3.351
2023-04-08,12:34:53,27.625,6.142,136.7,2.971,0.036,0.072,,,27.654,5.886,146.54,3.352
2023-04-08,12:35:03,27.626,6.171,134.71,2.951,0.037,0.072,,,27.66,5.893,146.75,3.333
2023-04-08,12:35:13,27.642,6.161,135.01,2.96,0.037,0.073,,,27.669,5.895,146.27,3.331
2023-04-08,12:35:23,27.636,6.173,134.68,2.957,0.037,0.074,,,27.661,5.899,147.37,3.376
2023-04-08,12:35:33,27.629,6.2,133.25,2.967,0.038,0.074,,,27.659,5.911,146.42,3.378
2023-04-08,12:35:43,27.631,6.181,135.37,2.96,0.038,0.075,,,27.659,5.899,147.25,3.384
2023-04-08,12:35:53,27.633,6.165,136.35,2.978,0.038,0.075,,,27.66,5.901,147.19,3.355
2023-04-08,12:36:00,,,,,,,22.501472,91.854472,,,,
2023-04-08,12:36:03,27.63,6.139,137.87,2.965,0.038,0.075,,,27.662,5.898,148.19,3.398
2023-04-08,12:36:13,27.632,6.174,135.7,2.965,0.038,0.075,,,27.663,5.904,148.28,3.381
2023-04-08,12:36:23,27.634,6.184,135.26,2.969,0.038,0.075,,,27.664,5.915,147.19,3.41
2023-04-08,12:36:33,27.633,6.192,134.66,2.965,0.038,0.075,,,27.665,5.915,147.99,3.448
2023-04-08,12:36:43,27.63,6.187,135.15,2.985,0.038,0.075,,,27.664,5.915,148.91,3.401
2023-04-08,12:36:53,27.63,6.192,134.13,2.955,0.038,0.074,,,27.673,5.905,149.39,3.404
2023-04-08,12:37:03,27.639,6.189,134.16,2.939,0.038,0.075,,,27.678,5.91,149.13,3.389
2023-04-08,12:37:13,27.638,6.189,134.38,2.949,0.038,0.075,,,27.677,5.939,147.69,3.397
2023-04-08,12:37:23,27.641,6.19,133.61,2.964,0.038,0.075,,,27.674,5.929,148.47,3.382
2023-04-08,12:37:33,27.643,6.171,134.58,2.944,0.038,0.076,,,27.679,5.921,149.11,3.364
2023-04-08,12:37:43,27.644,6.171,133.96,2.942,0.039,0.076,,,27.687,5.927,147.52,3.377
2023-04-08,12:37:53,27.645,6.181,133.77,2.945,0.039,0.076,,,27.691,5.94,146.67,3.379
2023-04-08,12:38:00,,,,,,,22.502073,91.856345,,,,
2023-04-08,12:38:03,27.647,6.141,135.43,2.942,0.039,0.077,,,27.702,5.948,147.62,3.389
2023-04-08,12:38:13,27.65,6.175,132.59,2.961,0.039,0.077,,,27.683,5.939,148.73,3.364
2023-04-08,12:38:23,27.638,6.194,130.72,2.94,0.039,0.076,,,27.691,5.971,147.14,3.377
2023-04-08,12:38:33,27.64,6.17,131.27,2.956,0.039,0.077,,,27.69,5.95,148.37,3.47
2023-04-08,12:38:43,27.652,6.151,132.87,2.95,0.039,0.077,,,27.692,5.959,147.48,3.414
2023-04-08,12:38:53,27.648,6.151,132.76,2.951,0.039,0.077,,,27.686,5.937,149.22,3.37
2023-04-08,12:39:00,,,,,,,22.502466,91.858762,,,,
2023-04-08,12:39:03,27.642,6.151,132.49,2.955,0.039,0.077,,,27.686,5.939,148.42,3.388
2023-04-08,12:39:13,27.638,6.161,132.4,2.945,0.039,0.077,,,27.689,5.949,147.5,3.429
2023-04-08,12:39:23,27.635,6.145,132.98,2.968,0.039,0.077,,,27.675,5.957,147.1,3.423
2023-04-08,12:39:33,27.628,6.148,133.64,2.967,0.039,0.076,,,27.669,5.959,146.66,3.394
2023-04-08,12:39:43,27.628,6.162,132.81,2.951,0.039,0.076,,,27.673,5.959,146.98,3.383
2023-04-08,12:39:53,27.627,6.155,133.55,2.946,0.038,0.075,,,27.671,5.962,148.62,3.365
2023-04-08,13:47:13,27.635,6.145,132.98,2.968,0.039,0.077,,,27.675,5.957,147.1,3.423
2023-04-08,13:47:13,27.765,6.162,74.037,2.941,0.003,0.006,,,27.802,5.974,186.86,3.361
2023-04-08,13:47:23,27.767,6.159,73.674,2.951,0.007,0.015,,,27.799,5.982,186.94,3.319
2023-04-08,13:47:33,27.767,6.152,73.646,2.948,0.012,0.024,,,27.794,5.983,186.9,3.343
2023-04-08,13:47:43,27.767,6.154,72.803,2.931,0.017,0.033,,,27.803,5.982,186.76,3.348
2023-04-08,13:47:53,27.767,6.141,73.42,2.948,0.021,0.041,,,27.795,5.981,186.62,3.359
2023-04-08,13:48:03,27.763,6.153,72.326,2.935,0.026,0.051,,,27.792,5.977,186.61,3.329
2023-04-08,13:48:13,27.764,6.132,73.634,2.937,0.03,0.06,,,27.793,5.974,186.64,3.303
2023-04-08,13:48:23,27.763,6.127,73.852,2.929,0.035,0.069,,,27.79,5.972,186.68,3.315
2023-04-08,13:48:33,27.76,6.131,73.537,2.937,0.039,0.078,,,27.788,5.972,186.79,3.334
2023-04-08,13:48:43,27.759,6.141,72.916,2.93,0.044,0.087,,,27.786,5.972,186.62,3.339
2023-04-08,13:48:53,27.759,6.157,71.845,2.918,0.044,0.086,,,27.782,5.972,186.42,3.321
2023-04-08,13:49:00,,,,,,,22.495547,91.875193,,,,
2023-04-08,13:49:03,27.757,6.148,72.573,2.932,0.044,0.086,,,27.785,5.97,186.56,3.304
2023-04-08,13:49:43,27.758,6.087,71.958,2.942,0.044,0.086,,,27.787,5.962,186.13,3.341
2023-04-08,13:49:53,27.756,6.044,73.227,2.911,0.044,0.086,,,27.785,5.965,185.3,3.348
2023-04-08,13:50:03,27.757,6.018,74.03,2.94,0.044,0.086,,,27.785,5.966,186.01,3.323
2023-04-08,13:50:13,27.759,6.025,73.521,2.934,0.044,0.086,,,27.787,5.969,186.63,3.366
2023-04-08,13:50:23,27.759,6.003,74.846,2.925,0.044,0.086,,,27.786,5.969,185.05,3.364
2023-04-08,13:50:33,27.758,6.009,74.282,2.922,0.043,0.085,,,27.787,5.968,184.65,3.335
2023-04-08,13:50:43,27.761,6.008,74.731,2.941,0.043,0.086,,,27.787,5.969,185.12,3.326
2023-04-08,13:50:53,27.758,5.996,75.534,2.948,0.043,0.085,,,27.786,5.967,185.18,3.307
2023-04-08,13:51:00,,,,,,,22.494453,91.876312,,,,
2023-04-08,13:51:03,27.761,5.982,76.489,2.944,0.044,0.086,,,27.787,5.972,186.79,3.349
2023-04-08,13:51:13,27.76,5.998,75.724,2.94,0.044,0.086,,,27.784,5.975,187.06,3.343
2023-04-08,13:51:23,27.753,6.0,75.919,2.933,0.044,0.086,,,27.79,5.98,187.45,3.414
2023-04-08,13:51:33,27.748,5.978,77.363,2.935,0.044,0.086,,,27.785,5.977,187.25,3.385
2023-04-08,13:51:43,27.749,6.008,75.764,2.936,0.044,0.086,,,27.78,5.975,186.52,3.389
2023-04-08,13:51:53,27.752,6.013,75.652,2.937,0.044,0.086,,,27.786,5.977,187.98,3.388
2023-04-08,13:52:03,27.752,6.025,74.539,2.934,0.044,0.086,,,27.786,5.975,187.24,3.421
2023-04-08,13:52:13,27.755,6.031,74.298,2.931,0.044,0.086,,,27.789,5.976,187.87,3.413
2023-04-08,13:52:23,27.759,6.016,75.162,2.982,0.044,0.086,,,27.795,5.975,186.54,3.434
2023-04-08,13:52:33,27.762,6.011,75.417,2.966,0.044,0.087,,,27.794,5.975,185.84,3.406
2023-04-08,13:52:43,27.766,6.021,74.956,2.979,0.044,0.087,,,27.798,5.976,185.94,3.409
2023-04-08,13:52:53,27.767,6.029,74.702,2.982,0.044,0.087,,,27.797,5.978,187.18,3.417
2023-04-08,13:53:00,,,,,,,22.493258,91.87677,,,,
2023-04-08,13:53:03,27.766,6.037,73.899,2.979,0.044,0.087,,,27.799,5.977,186.79,3.397
2023-04-08,13:53:13,27.771,6.039,74.021,3.012,0.044,0.087,,,27.801,5.978,185.48,3.411
2023-04-08,13:53:23,27.77,6.037,73.74,3.006,0.044,0.087,,,27.8,5.978,185.88,3.417
2023-04-08,13:53:33,27.767,6.028,74.783,2.987,0.044,0.087,,,27.795,5.981,187.44,3.439
2023-04-08,13:53:43,27.764,6.035,74.511,2.976,0.044,0.087,,,27.793,5.979,187.53,3.431
2023-04-08,13:53:53,27.764,6.029,74.789,2.98,0.044,0.087,,,27.793,5.978,184.94,3.407
2023-04-08,13:54:03,27.765,6.043,74.096,2.972,0.044,0.087,,,27.791,5.977,185.71,3.39
2023-04-08,13:54:13,27.764,6.032,74.986,2.976,0.044,0.087,,,27.789,5.979,187.77,3.391
2023-04-08,13:54:23,27.764,6.04,74.298,2.97,0.044,0.087,,,27.79,5.979,187.53,4.22
2023-04-08,13:54:33,27.76,6.042,74.304,2.945,0.044,0.087,,,27.788,5.974,187.47,3.55
2023-04-08,13:54:43,27.76,6.044,74.428,2.957,0.044,0.087,,,27.789,5.97,185.92,3.4
2023-04-08,13:54:53,27.764,6.034,74.814,2.966,0.044,0.087,,,27.79,5.967,186.89,3.354
2023-04-08,13:55:00,,,,,,,22.49212,91.876507,,,,
2023-04-08,13:55:03,27.762,6.022,75.572,2.958,0.044,0.087,,,27.789,5.966,187.55,3.369
2023-04-08,13:55:13,27.763,6.033,75.063,2.987,0.044,0.087,,,27.793,5.966,187.85,3.404
2023-04-08,13:55:23,27.763,6.043,74.176,2.968,0.044,0.087,,,27.794,5.967,187.73,3.447
2023-04-08,13:55:33,27.766,6.048,73.842,2.982,0.044,0.087,,,27.791,5.965,187.61,3.47
2023-04-08,13:55:43,27.767,6.031,74.679,2.99,0.044,0.087,,,27.798,5.967,187.57,3.456
2023-04-08,13:55:53,27.772,6.034,74.391,2.981,0.044,0.087,,,27.809,5.967,185.87,3.422
2023-04-08,13:56:03,27.774,6.046,73.669,3.0,0.044,0.087,,,27.806,5.97,187.22,3.423
2023-04-08,13:56:13,27.772,6.049,73.341,2.999,0.044,0.087,,,27.81,5.97,186.69,3.431
2023-04-08,13:56:23,27.774,6.025,74.687,2.989,0.044,0.087,,,27.814,5.972,187.19,3.439
2023-04-08,13:56:33,27.778,6.048,73.577,2.99,0.044,0.088,,,27.816,5.975,187.04,3.473
2023-04-08,13:56:43,27.778,6.057,73.098,2.991,0.044,0.088,,,27.812,5.975,187.26,3.493
2023-04-08,13:56:53,27.78,6.063,72.881,2.997,0.044,0.088,,,27.815,5.976,187.28,3.448
2023-04-08,13:57:00,,,,,,,22.490952,91.876757,,,,
2023-04-08,13:57:03,27.782,6.062,73.042,2.994,0.045,0.088,,,27.814,5.975,187.29,3.449
2023-04-08,13:57:13,27.776,6.061,73.297,3.002,0.045,0.088,,,27.809,5.975,187.32,3.452
2023-04-08,13:57:23,27.774,6.052,73.787,2.987,0.045,0.088,,,27.805,5.974,186.91,3.422
2023-04-08,13:57:33,27.769,6.058,73.395,2.982,0.045,0.088,,,27.808,5.973,187.51,3.45
2023-04-08,13:57:43,27.775,6.048,74.126,2.99,0.045,0.088,,,27.808,5.974,189.21,3.405
2023-04-08,13:57:53,27.775,6.042,74.391,2.983,0.045,0.088,,,27.81,5.974,189.79,3.428
2023-04-08,13:58:03,27.773,6.05,74.235,2.991,0.045,0.088,,,27.802,5.973,189.57,3.388
2023-04-08,13:58:13,27.776,6.061,73.675,2.986,0.044,0.088,,,27.807,5.972,189.72,3.39
2023-04-08,13:58:23,27.777,6.054,74.245,3.007,0.044,0.088,,,27.808,5.972,189.1,3.413
2023-04-08,13:58:33,27.779,6.072,73.45,2.991,0.044,0.088,,,27.813,5.974,189.0,3.41
2023-04-08,13:58:43,27.778,6.075,73.383,2.979,0.044,0.088,,,27.811,5.975,189.2,3.406
2023-04-08,13:58:53,27.779,6.062,74.028,2.985,0.044,0.087,,,27.809,5.975,189.13,3.404
2023-04-08,13:59:00,,,,,,,22.489608,91.876702,,,,
2023-04-08,13:59:03,27.781,6.073,73.625,2.978,0.045,0.088,,,27.809,5.977,188.49,3.383
2023-04-08,13:59:13,27.78,6.069,74.022,2.994,0.045,0.088,,,27.812,5.978,188.94,3.428
2023-04-08,13:59:23,27.782,6.069,74.035,2.986,0.045,0.088,,,27.81,5.979,188.66,3.404
2023-04-08,13:59:33,27.783,6.069,74.487,2.989,0.045,0.089,,,27.806,5.978,188.46,3.391
2023-04-08,13:59:43,27.781,6.073,74.21,2.982,0.045,0.089,,,27.806,5.977,188.17,3.403
2023-04-08,13:59:53,27.773,6.072,74.182,2.986,0.045,0.089,,,27.795,5.976,188.83,3.362
2023-04-08,14:00:03,27.767,6.071,74.021,2.959,0.045,0.089,,,27.795,5.974,188.26,3.368
2023-04-08,14:00:13,27.767,6.075,73.675,2.962,0.045,0.089,,,27.792,5.972,188.75,3.362
2023-04-08,14:00:23,27.777,6.081,73.077,2.992,0.045,0.089,,,27.803,5.971,188.41,3.366
2023-04-08,14:00:33,27.78,6.068,73.87,2.991,0.045,0.089,,,27.808,5.972,187.17,3.378
2023-04-08,14:00:43,27.784,6.073,73.559,2.988,0.045,0.089,,,27.814,5.974,188.73,3.39
2023-04-08,14:00:53,27.789,6.091,72.898,3.003,0.045,0.089,,,27.816,5.975,188.49,3.393
2023-04-08,14:01:00,,,,,,,22.488187,91.876185,,,,
2023-04-08,14:01:03,27.793,6.106,72.262,2.992,0.045,0.089,,,27.818,5.977,187.65,3.386
2023-04-08,14:01:13,27.792,6.099,72.792,3.004,0.045,0.089,,,27.819,5.979,187.63,3.425
2023-04-08,14:01:23,27.792,6.09,73.442,3.017,0.045,0.089,,,27.819,5.981,187.73,3.424
2023-04-08,14:01:33,27.79,6.093,73.231,3.012,0.045,0.089,,,27.821,5.98,187.69,3.415
2023-04-08,14:01:43,27.79,6.082,74.136,3.004,0.045,0.09,,,27.819,5.979,187.98,3.402
2023-04-08,14:01:53,27.789,6.092,73.587,2.993,0.045,0.09,,,27.822,5.98,187.66,3.482
2023-04-08,14:02:03,27.792,6.105,73.081,2.992,0.046,0.09,,,27.818,5.982,187.79,3.469
2023-04-08,14:02:13,27.788,6.092,73.983,3.004,0.046,0.09,,,27.827,5.979,188.04,3.453
2023-04-08,14:02:23,27.807,6.089,74.757,3.043,0.046,0.091,,,27.841,5.983,188.11,3.486
2023-04-08,14:02:33,27.801,6.092,74.369,3.012,0.046,0.091,,,27.839,5.983,187.65,3.469
2023-04-08,14:02:43,27.8,6.087,74.737,3.007,0.046,0.091,,,27.835,5.984,187.52,3.408
2023-04-08,14:02:53,27.799,6.09,74.699,2.998,0.046,0.091,,,27.841,5.985,187.39,3.402
2023-04-08,14:03:00,,,,,,,22.48654,91.876283,,,,
2023-04-08,14:03:03,27.8,6.101,74.169,2.99,0.046,0.091,,,27.848,5.986,186.6,3.455
2023-04-08,14:03:13,27.799,6.107,73.833,2.993,0.046,0.091,,,27.839,5.987,187.33,3.427
2023-04-08,14:03:23,27.799,6.11,73.494,3.011,0.046,0.092,,,27.837,5.986,187.49,3.403
2023-04-08,14:03:33,27.801,6.114,73.752,2.995,0.046,0.092,,,27.841,5.988,187.64,3.431
2023-04-08,14:03:43,27.802,6.111,74.008,2.996,0.046,0.092,,,27.845,5.989,187.1,3.436
2023-04-08,14:03:53,27.801,6.109,74.323,2.993,0.046,0.092,,,27.84,5.988,187.22,3.413
2023-04-08,14:04:03,27.802,6.118,73.914,3.001,0.046,0.091,,,27.847,5.989,186.73,3.425
2023-04-08,14:04:13,27.803,6.11,74.557,2.986,0.046,0.091,,,27.844,5.99,186.98,3.404
2023-04-08,14:04:23,27.807,6.109,74.714,2.998,0.046,0.091,,,27.846,5.99,186.6,3.404
2023-04-08,14:04:33,27.806,6.106,74.746,3.011,0.046,0.091,,,27.845,5.991,187.01,3.397
2023-04-08,14:04:43,27.808,6.115,74.261,2.996,0.046,0.09,,,27.846,5.992,186.83,3.418
2023-04-08,14:04:53,27.806,6.112,74.572,3.0,0.046,0.09,,,27.845,5.992,187.2,3.41
2023-04-08,14:05:00,,,,,,,22.485892,91.87723,,,,
2023-04-08,14:05:03,27.807,6.114,74.831,2.997,0.046,0.09,,,27.842,5.992,187.37,3.378
2023-04-08,14:05:13,27.807,6.119,74.497,3.002,0.045,0.09,,,27.845,5.993,187.48,3.391
2023-04-08,14:05:23,27.806,6.119,74.523,2.982,0.045,0.09,,,27.837,5.991,187.43,3.378
2023-04-08,14:05:33,27.809,6.122,74.407,2.998,0.045,0.089,,,27.848,5.993,187.74,3.384
2023-04-08,14:05:43,27.805,6.121,74.333,2.979,0.045,0.09,,,27.848,5.993,187.5,3.412
2023-04-08,14:05:53,27.797,6.122,74.504,2.984,0.045,0.09,,,27.844,5.993,187.77,3.403
2023-04-08,14:06:03,27.794,6.114,74.997,2.98,0.045,0.09,,,27.831,5.991,187.32,3.385
2023-04-08,14:06:13,27.793,6.111,75.094,2.971,0.045,0.09,,,27.836,5.99,187.64,3.384
2023-04-08,14:06:23,27.799,6.129,74.165,2.982,0.045,0.089,,,27.832,5.989,187.7,3.387
2023-04-08,14:06:33,27.799,6.114,74.918,2.976,0.045,0.089,,,27.825,5.989,187.64,3.381
2023-04-08,14:06:43,27.789,6.119,74.373,2.97,0.045,0.089,,,27.838,5.987,187.79,3.395
2023-04-08,14:06:53,27.797,6.119,74.296,2.995,0.045,0.089,,,27.827,5.989,188.15,3.382
2023-04-08,14:07:00,,,,,,,22.48546,91.878665,,,,
2023-04-08,14:07:03,27.787,6.103,75.382,2.962,0.045,0.089,,,27.818,5.987,187.8,3.375
2023-04-08,14:07:13,27.785,6.108,75.156,2.968,0.045,0.089,,,27.821,5.986,187.7,3.361
2023-04-08,14:07:23,27.782,6.098,75.851,2.96,0.045,0.089,,,27.813,5.985,187.69,3.347
2023-04-08,14:07:33,27.779,6.105,75.591,2.972,0.045,0.089,,,27.811,5.985,187.97,3.342
2023-04-08,14:07:43,27.778,6.1,75.779,2.962,0.045,0.088,,,27.813,5.984,188.1,3.363
2023-04-08,14:07:53,27.777,6.1,75.878,2.959,0.045,0.088,,,27.813,5.984,188.41,3.36
2023-04-08,14:09:00,,,,,,,22.485073,91.880608,,,,
2023-04-08,14:09:03,27.772,6.111,75.53,2.95,0.045,0.089,,,27.816,5.984,190.6,3.348
2023-04-08,14:09:13,27.789,6.093,76.846,2.973,0.045,0.089,,,27.826,5.985,191.3,3.44
2023-04-08,14:09:23,27.798,6.106,76.276,2.953,0.046,0.09,,,27.826,5.985,190.27,3.377
2023-04-08,14:09:33,27.804,6.109,76.302,2.969,0.046,0.09,,,27.837,5.988,191.15,3.382
2023-04-08,14:09:43,27.811,6.095,77.278,2.95,0.046,0.091,,,27.865,5.988,190.74,3.375
2023-04-08,14:09:53,27.823,6.115,76.216,2.955,0.046,0.091,,,27.883,5.991,190.39,3.373
2023-04-08,14:10:03,27.826,6.119,76.023,2.974,0.046,0.091,,,27.926,5.996,189.93,3.438
2023-04-08,14:10:13,27.83,6.118,76.341,2.976,0.046,0.092,,,27.905,5.998,189.7,3.445
2023-04-08,14:10:23,27.844,6.124,76.021,2.986,0.047,0.092,,,27.891,5.999,189.7,3.399
2023-04-08,14:10:33,27.852,6.118,76.57,2.987,0.047,0.093,,,27.912,6.005,189.31,3.416
2023-04-08,14:10:43,27.848,6.124,76.474,3.003,0.047,0.093,,,27.887,6.003,188.91,3.391
2023-04-08,14:10:53,27.86,6.132,76.272,3.007,0.047,0.093,,,27.937,6.007,189.14,3.425
2023-04-08,14:11:00,,,,,,,22.484688,91.881927,,,,
2023-04-08,14:11:03,27.87,6.125,76.342,3.019,0.047,0.093,,,27.963,6.008,188.73,3.469
2023-04-08,14:11:13,27.853,6.139,75.837,3.011,0.047,0.093,,,27.905,6.011,188.91,3.455
2023-04-08,14:11:23,27.85,6.125,76.566,2.996,0.047,0.093,,,27.951,6.01,188.77,3.474
2023-04-08,14:11:33,27.859,6.146,75.291,2.997,0.047,0.093,,,27.952,6.013,188.47,3.475
2023-04-08,14:11:43,27.858,6.133,76.028,2.977,0.047,0.093,,,27.961,6.015,188.63,3.454
2023-04-08,14:11:53,27.854,6.136,76.057,2.962,0.047,0.093,,,27.982,6.016,188.42,3.459
2023-04-08,14:12:03,27.865,6.134,76.198,2.981,0.047,0.093,,,27.954,6.017,188.44,3.449
2023-04-08,14:12:13,27.872,6.137,76.181,2.986,0.047,0.093,,,27.988,6.019,188.48,3.505
2023-04-08,14:12:23,27.876,6.139,75.95,2.974,0.047,0.093,,,27.967,6.021,188.19,3.432
2023-04-08,14:12:33,27.87,6.137,76.134,2.979,0.047,0.093,,,27.953,6.02,188.52,3.401
2023-04-08,14:12:43,27.877,6.145,75.5,2.987,0.047,0.094,,,27.955,6.021,188.41,3.42
2023-04-08,14:12:53,27.879,6.137,76.085,2.987,0.048,0.094,,,28.012,6.023,188.35,3.492
2023-04-08,14:13:00,,,,,,,22.48375,91.881732,,,,
2023-04-08,14:13:03,27.879,6.144,75.738,2.98,0.047,0.094,,,27.981,6.024,188.43,3.44
2023-04-08,14:13:13,27.877,6.135,76.399,2.962,0.048,0.094,,,27.993,6.025,188.15,3.431
2023-04-08,14:13:23,27.881,6.147,75.724,2.976,0.048,0.094,,,27.96,6.028,188.41,3.377
2023-04-08,14:13:33,27.881,6.15,75.691,2.968,0.048,0.095,,,27.986,6.027,188.46,3.415
2023-04-08,14:13:43,27.881,6.144,76.155,2.972,0.048,0.094,,,27.976,6.027,188.57,3.402
2023-04-08,14:13:53,27.881,6.15,75.74,2.962,0.048,0.095,,,27.957,6.027,188.55,3.39
2023-04-08,14:14:03,27.881,6.147,76.063,2.963,0.048,0.094,,,28.031,6.028,188.23,3.453
2023-04-08,14:14:13,27.88,6.142,76.467,2.948,0.048,0.094,,,28.005,6.028,188.13,3.414
2023-04-08,14:14:23,27.882,6.143,76.604,2.958,0.048,0.094,,,28.011,6.029,188.09,3.414
2023-04-08,14:14:33,27.882,6.141,76.884,2.971,0.048,0.094,,,27.993,6.029,188.11,3.373
2023-04-08,14:14:43,27.879,6.138,77.291,2.953,0.048,0.095,,,28.03,6.029,187.94,3.44
2023-04-08,14:14:53,27.878,6.143,76.978,2.955,0.048,0.095,,,28.039,6.031,187.86,3.444
2023-04-08,14:15:00,,,,,,,22.482968,91.881417,,,,
2023-04-08,14:15:03,27.883,6.141,77.228,2.949,0.048,0.095,,,28.014,6.031,187.69,3.425
2023-04-08,14:15:13,27.879,6.148,77.073,2.949,0.048,0.095,,,27.998,6.029,188.0,3.386
2023-04-08,14:15:23,27.879,6.144,77.499,2.94,0.048,0.095,,,28.04,6.032,187.81,3.434
2023-04-08,14:15:33,27.879,6.164,76.5,2.94,0.048,0.095,,,27.983,6.032,188.08,3.371
2023-04-08,14:15:43,27.877,6.143,77.785,2.958,0.048,0.095,,,27.961,6.031,187.89,3.346
2023-04-08,14:15:53,27.877,6.149,77.403,2.963,0.048,0.095,,,27.973,6.031,187.98,3.361
2023-04-08,14:16:03,27.879,6.151,77.677,2.94,0.048,0.095,,,27.989,6.031,186.73,3.396
2023-04-08,14:16:13,27.878,6.151,77.809,2.946,0.048,0.095,,,27.981,6.03,188.32,3.367
2023-04-08,14:16:23,27.879,6.154,77.774,2.94,0.048,0.095,,,27.974,6.029,188.13,3.369
2023-04-08,14:16:33,27.88,6.151,78.123,2.951,0.048,0.094,,,27.975,6.031,188.19,3.395
2023-04-08,14:16:43,27.877,6.155,77.937,2.942,0.048,0.095,,,27.951,6.033,188.45,3.375
2023-04-08,14:16:53,27.883,6.145,78.726,2.953,0.048,0.095,,,27.943,6.03,188.29,3.373
2023-04-08,14:17:00,,,,,,,22.482182,91.881058,,,,
2023-04-08,14:17:03,27.879,6.155,78.443,2.941,0.048,0.094,,,27.972,6.032,187.97,3.358
2023-04-08,14:17:13,27.882,6.161,78.03,2.95,0.048,0.094,,,27.957,6.032,188.43,3.392
2023-04-08,14:17:23,27.88,6.166,77.928,2.932,0.048,0.094,,,27.953,6.031,188.19,3.361
2023-04-08,14:17:33,27.881,6.161,78.109,2.956,0.048,0.094,,,27.98,6.034,188.86,3.418
2023-04-08,14:17:43,27.883,6.151,79.132,2.961,0.048,0.095,,,27.968,6.036,188.29,3.402
2023-04-08,14:17:53,27.883,6.142,79.691,2.93,0.048,0.095,,,27.979,6.037,188.94,3.451
2023-04-08,14:18:03,27.883,6.143,79.962,2.929,0.048,0.095,,,27.976,6.037,189.31,3.443
2023-04-08,14:18:13,27.883,6.14,80.358,2.936,0.048,0.095,,,27.972,6.039,189.4,3.461
2023-04-08,14:18:23,27.885,6.153,79.669,2.927,0.048,0.095,,,27.951,6.04,189.18,3.469
2023-04-08,14:18:33,27.887,6.144,80.534,2.94,0.048,0.095,,,27.968,6.041,189.47,3.475
2023-04-08,14:18:43,27.886,6.151,80.042,2.938,0.048,0.095,,,27.994,6.042,189.5,3.519
2023-04-08,14:18:53,27.887,6.148,80.265,2.944,0.048,0.095,,,27.971,6.045,189.56,3.502
2023-04-08,14:19:00,,,,,,,22.481325,91.880942,,,,
2023-04-08,14:19:03,27.89,6.149,80.209,2.941,0.048,0.094,,,28.001,6.048,188.83,3.554
2023-04-08,14:19:13,27.886,6.154,80.21,2.948,0.048,0.095,,,28.008,6.049,190.08,3.577
2023-04-08,14:19:23,27.893,6.144,80.726,2.935,0.048,0.095,,,28.021,6.053,190.31,3.675
2023-04-08,14:19:33,27.89,6.146,80.874,2.938,0.048,0.095,,,27.983,6.052,190.37,3.603
2023-04-08,14:19:43,27.889,6.145,80.896,2.937,0.048,0.095,,,27.987,6.053,190.34,3.539
2023-04-08,14:19:53,27.889,6.147,80.639,2.947,0.048,0.095,,,28.005,6.057,190.5,3.622
2023-04-08,14:20:03,27.891,6.152,80.643,2.939,0.048,0.095,,,27.977,6.056,190.57,3.567
2023-04-08,14:20:13,27.89,6.151,80.762,2.939,0.048,0.095,,,27.971,6.057,190.56,3.571
2023-04-08,14:20:23,27.89,6.151,80.947,2.928,0.048,0.095,,,27.99,6.057,190.66,3.535
2023-04-08,14:20:33,27.889,6.154,80.756,2.955,0.048,0.095,,,27.953,6.056,190.55,3.499
2023-04-08,14:20:43,27.887,6.153,81.161,2.935,0.048,0.096,,,27.956,6.057,190.81,3.522
2023-04-08,14:20:53,27.889,6.158,80.863,2.928,0.048,0.096,,,27.968,6.055,190.52,3.502
2023-04-08,14:21:00,,,,,,,22.480378,91.88078,,,,
2023-04-08,14:21:03,27.891,6.162,80.736,2.926,0.048,0.096,,,27.962,6.056,190.44,3.49
2023-04-08,14:21:13,27.89,6.166,80.542,2.932,0.048,0.096,,,27.951,6.054,190.4,3.445
2023-04-08,14:21:23,27.89,6.154,81.219,2.927,0.049,0.096,,,27.957,6.055,190.27,3.494
2023-04-08,14:21:33,27.89,6.162,80.836,2.923,0.049,0.096,,,27.956,6.054,190.16,3.439
2023-04-08,14:21:43,27.889,6.161,80.903,2.923,0.048,0.096,,,27.966,6.053,190.3,3.471
2023-04-08,14:21:53,27.891,6.162,80.823,2.944,0.048,0.096,,,27.97,6.053,190.34,3.434
2023-04-08,14:22:03,27.893,6.152,81.443,2.938,0.048,0.096,,,27.968,6.051,190.43,3.435
2023-04-08,14:22:13,27.895,6.149,81.715,2.933,0.048,0.095,,,27.966,6.054,190.15,3.482
2023-04-08,14:22:23,27.894,6.142,82.079,2.946,0.048,0.095,,,27.977,6.054,190.41,3.522
2023-04-08,14:22:33,27.896,6.146,82.106,2.94,0.048,0.095,,,27.953,6.054,190.86,3.418
2023-04-08,14:22:43,27.894,6.151,81.829,2.926,0.048,0.095,,,27.957,6.053,190.8,3.44
2023-04-08,14:22:53,27.89,6.146,82.059,2.934,0.048,0.095,,,27.954,6.053,190.7,3.411
2023-04-08,14:23:00,,,,,,,22.479413,91.880385,,,,
2023-04-08,14:23:03,27.893,6.155,81.79,2.93,0.048,0.095,,,27.947,6.052,190.94,3.351
2023-04-08,14:23:13,27.893,6.161,81.633,2.928,0.048,0.095,,,27.945,6.051,190.98,3.355
2023-04-08,14:23:23,27.894,6.14,82.919,2.921,0.048,0.095,,,27.946,6.052,190.68,3.374
2023-04-08,14:23:33,27.895,6.149,82.595,2.924,0.048,0.096,,,27.948,6.052,190.45,3.352
2023-04-08,14:23:43,27.897,6.13,84.046,2.925,0.048,0.096,,,27.948,6.053,191.06,3.626
2023-04-08,14:23:53,27.898,6.141,84.016,2.937,0.048,0.095,,,27.949,6.052,190.44,3.483
2023-04-08,14:24:03,27.898,6.152,83.63,2.938,0.048,0.096,,,27.944,6.05,190.83,3.364
2023-04-08,14:24:13,27.901,6.151,83.894,2.935,0.048,0.095,,,27.945,6.049,191.05,3.348
2023-04-08,14:24:23,27.898,6.163,83.122,2.922,0.048,0.095,,,27.945,6.05,190.94,3.35
2023-04-08,14:24:33,27.898,6.162,83.564,2.927,0.048,0.095,,,27.95,6.05,191.09,3.373
2023-04-08,14:24:43,27.898,6.15,84.347,2.918,0.048,0.095,,,27.948,6.05,191.03,3.345
2023-04-08,14:24:53,27.899,6.153,84.349,2.907,0.048,0.095,,,27.95,6.05,191.03,3.344
2023-04-08,14:25:00,,,,,,,22.478667,91.880135,,,,
2023-04-08,14:25:03,27.9,6.152,84.449,2.923,0.048,0.095,,,27.952,6.051,190.52,3.384
2023-04-08,14:25:13,27.902,6.152,84.627,2.942,0.048,0.095,,,27.957,6.05,190.66,3.348
2023-04-08,14:25:23,27.897,6.156,84.369,2.925,0.048,0.095,,,27.956,6.05,190.8,3.344
2023-04-08,14:25:33,27.904,6.156,84.6,2.921,0.048,0.095,,,27.959,6.049,190.3,3.377
2023-04-08,14:25:43,27.902,6.163,84.423,2.901,0.048,0.095,,,27.957,6.053,189.72,3.341
2023-04-08,14:25:53,27.907,6.166,83.964,2.938,0.048,0.096,,,27.952,6.054,190.5,3.341
2023-04-08,14:26:03,27.909,6.174,83.621,2.925,0.048,0.096,,,27.973,6.049,191.23,3.369
2023-04-08,14:26:13,27.905,6.169,84.186,2.924,0.048,0.096,,,27.97,6.055,190.18,3.359
2023-04-08,14:26:23,27.908,6.174,84.01,2.927,0.048,0.096,,,27.967,6.059,189.97,3.349
2023-04-08,14:26:33,27.905,6.17,84.086,2.933,0.049,0.096,,,27.962,6.061,189.82,3.323
2023-04-08,14:26:43,27.909,6.176,83.945,2.912,0.049,0.096,,,27.976,6.064,189.87,3.384
2023-04-08,14:26:53,27.909,6.175,84.179,2.927,0.049,0.096,,,27.976,6.064,189.72,3.375
2023-04-08,14:27:00,,,,,,,22.477695,91.87988,,,,
2023-04-08,14:27:03,27.91,6.159,85.161,2.911,0.049,0.096,,,27.986,6.06,190.52,3.395
2023-04-08,14:27:13,27.91,6.166,84.943,2.902,0.049,0.097,,,27.98,6.059,190.84,3.365
2023-04-08,14:27:23,27.916,6.169,85.189,2.933,0.049,0.097,,,27.991,6.062,190.06,3.388
2023-04-08,14:27:33,27.914,6.17,85.172,2.92,0.049,0.096,,,27.973,6.062,190.98,3.354
2023-04-08,14:27:43,27.915,6.166,85.407,2.932,0.049,0.096,,,27.989,6.06,190.94,3.373
2023-04-08,14:27:53,27.917,6.176,84.952,2.931,0.049,0.097,,,27.991,6.061,190.88,3.37
2023-04-08,14:28:03,27.917,6.171,85.422,2.918,0.049,0.097,,,27.994,6.06,190.88,3.386
2023-04-08,14:28:13,27.916,6.186,84.549,2.914,0.049,0.097,,,27.981,6.061,190.79,3.353
2023-04-08,14:28:23,27.922,6.173,85.675,2.935,0.049,0.096,,,27.999,6.061,191.06,3.343
2023-04-08,14:28:33,27.922,6.166,86.075,2.917,0.049,0.097,,,27.996,6.06,190.11,3.357
2023-04-08,14:28:43,27.924,6.166,86.291,2.922,0.049,0.097,,,27.994,6.064,189.6,3.336
2023-04-08,14:28:53,27.923,6.173,85.96,2.912,0.049,0.097,,,28.0,6.063,190.53,3.349
2023-04-08,14:29:00,,,,,,,22.47676,91.879542,,,,
2023-04-08,14:29:03,27.922,6.181,85.533,2.914,0.049,0.097,,,27.996,6.062,190.4,3.328
2023-04-08,14:29:13,27.922,6.181,85.742,2.924,0.049,0.097,,,28.004,6.065,189.57,3.343
2023-04-08,14:29:23,27.928,6.18,85.757,2.907,0.049,0.097,,,27.997,6.065,189.77,3.323
2023-04-08,14:29:33,27.929,6.168,86.512,2.916,0.049,0.097,,,28.002,6.065,190.67,3.304
2023-04-08,14:29:43,27.93,6.184,85.356,2.916,0.049,0.097,,,28.005,6.065,190.14,3.319
2023-04-08,14:29:53,27.935,6.171,86.493,2.887,0.049,0.098,,,28.007,6.067,190.2,3.323
2023-04-08,14:32:03,27.955,6.201,86.152,2.898,0.05,0.099,,,28.025,6.072,189.77,3.298
2023-04-08,14:32:13,27.957,6.197,86.298,2.884,0.05,0.099,,,28.021,6.073,189.6,3.277
2023-04-08,14:32:23,27.959,6.191,86.857,2.891,0.05,0.099,,,28.024,6.073,189.5,3.279
2023-04-08,14:32:33,27.96,6.184,87.251,2.89,0.05,0.1,,,28.017,6.073,189.39,3.274
2023-04-08,14:32:43,27.962,6.179,87.66,2.897,0.05,0.1,,,28.022,6.073,189.55,3.289
2023-04-08,14:32:53,27.963,6.18,87.689,2.908,0.051,0.1,,,28.026,6.073,188.72,3.283
2023-04-08,14:36:03,27.978,6.197,88.218,2.853,0.051,0.101,,,28.023,6.076,190.41,3.222
2023-04-08,14:36:13,27.984,6.205,87.844,2.847,0.051,0.101,,,28.025,6.075,190.26,3.224
2023-04-08,14:36:23,27.981,6.211,87.541,2.836,0.051,0.101,,,28.015,6.075,190.84,3.212
2023-04-08,14:36:33,27.982,6.203,88.171,2.839,0.051,0.101,,,28.026,6.074,191.09,3.225
2023-04-08,14:36:43,27.983,6.207,87.945,2.833,0.051,0.101,,,28.018,6.074,190.43,3.201
2023-04-08,14:36:53,27.984,6.197,88.884,2.831,0.051,0.101,,,28.025,6.074,190.65,3.198
2023-04-08,14:37:00,,,,,,,22.47301,91.87842,,,,
2023-04-08,14:37:03,27.982,6.198,88.956,2.834,0.051,0.101,,,28.022,6.073,190.21,3.192
2023-04-08,14:37:13,27.982,6.197,89.092,2.825,0.051,0.101,,,28.018,6.074,190.91,3.2
2023-04-08,14:37:23,27.984,6.196,89.297,2.831,0.051,0.102,,,28.023,6.075,189.54,3.181
2023-04-08,14:37:33,27.987,6.199,89.36,2.811,0.051,0.102,,,28.024,6.076,190.63,3.213
2023-04-08,14:37:43,27.987,6.196,89.647,2.81,0.052,0.102,,,28.025,6.076,190.73,3.207
2023-04-08,14:37:53,27.986,6.197,89.762,2.824,0.052,0.102,,,28.02,6.077,190.73,3.208
2023-04-08,14:39:00,,,,,,,22.472103,91.877977,,,,
2023-04-08,14:39:03,27.991,6.19,91.116,2.785,0.051,0.102,,,28.026,6.084,190.72,3.216
2023-04-08,14:39:13,27.99,6.195,90.848,2.8,0.051,0.102,,,28.029,6.082,190.58,3.211
2023-04-08,14:39:23,27.99,6.199,90.718,2.785,0.051,0.102,,,28.027,6.086,189.64,3.229
2023-04-08,14:39:33,27.989,6.213,89.969,2.774,0.051,0.102,,,28.022,6.084,190.54,3.159
2023-04-08,14:39:43,27.993,6.205,90.579,2.78,0.052,0.102,,,28.026,6.083,190.65,3.16
2023-04-08,14:39:53,27.992,6.195,91.209,2.778,0.052,0.102,,,28.028,6.083,190.14,3.154
2023-04-08,14:40:03,27.992,6.19,91.709,2.763,0.052,0.103,,,28.03,6.083,190.67,3.162
2023-04-08,14:40:13,27.994,6.2,91.159,2.78,0.052,0.103,,,28.024,6.083,190.55,3.139
2023-04-08,14:40:23,27.993,6.202,91.222,2.759,0.052,0.103,,,28.028,6.084,190.53,3.172
2023-04-08,14:40:33,27.992,6.196,91.568,2.763,0.052,0.103,,,28.032,6.084,189.86,3.152
2023-04-08,14:40:43,27.995,6.197,91.548,2.752,0.052,0.104,,,28.027,6.085,190.43,3.132
2023-04-08,14:40:53,27.998,6.204,91.317,2.752,0.052,0.103,,,28.029,6.085,190.51,3.11
2023-04-08,14:53:00,,,,,,,22.468078,91.874998,,,,
2023-04-08,14:53:03,28.068,6.217,94.192,2.663,0.057,0.113,,,28.11,6.127,186.43,3.027
2023-04-08,14:53:13,28.071,6.206,95.013,2.642,0.057,0.113,,,28.113,6.129,186.05,3.028
2023-04-08,14:53:23,28.079,6.212,94.707,2.651,0.057,0.113,,,28.115,6.131,185.75,3.041
2023-04-08,14:53:33,28.067,6.211,95.35,2.699,0.057,0.112,,,28.099,6.13,187.29,3.09
2023-04-08,14:53:43,28.072,6.196,95.82,2.68,0.057,0.112,,,28.115,6.129,187.44,3.057
2023-04-08,14:53:53,28.087,6.198,96.002,2.655,0.057,0.112,,,28.127,6.134,187.2,3.071
2023-04-08,14:54:03,28.094,6.208,95.625,2.662,0.057,0.112,,,28.138,6.138,186.85,3.061
2023-04-08,14:54:13,28.1,6.214,95.486,2.656,0.056,0.112,,,28.152,6.143,186.77,3.056
2023-04-08,14:54:23,28.096,6.212,95.805,2.671,0.057,0.112,,,28.153,6.143,186.41,3.062
2023-04-08,14:54:33,28.096,6.219,95.6,2.649,0.057,0.112,,,28.153,6.143,186.26,3.03
2023-04-08,14:54:43,28.099,6.211,96.203,2.656,0.057,0.112,,,28.162,6.145,186.2,3.03
2023-04-08,14:54:53,28.096,6.215,96.088,2.649,0.057,0.113,,,28.153,6.144,186.02,3.001
2023-04-08,14:55:00,,,,,,,22.467815,91.873772,,,,
2023-04-08,14:55:03,28.094,6.217,96.203,2.643,0.057,0.113,,,28.17,6.145,186.05,3.024
2023-04-08,14:55:13,28.092,6.221,95.978,2.642,0.057,0.113,,,28.164,6.146,185.99,3.036
2023-04-08,14:55:23,28.088,6.221,96.155,2.669,0.057,0.113,,,28.122,6.146,185.25,2.994
2023-04-08,14:55:33,28.082,6.224,95.682,2.654,0.057,0.113,,,28.108,6.142,185.89,2.969
2023-04-08,14:55:43,28.096,6.223,96.083,2.664,0.057,0.113,,,28.111,6.146,186.31,2.983
2023-04-08,14:55:53,28.073,6.221,96.302,2.653,0.057,0.113,,,28.108,6.144,186.61,2.981
2023-04-08,14:56:03,28.09,6.223,96.269,2.657,0.057,0.113,,,28.126,6.144,185.91,3.015
2023-04-08,14:56:13,28.088,6.222,96.909,2.659,0.057,0.113,,,28.127,6.141,186.37,3.019
2023-04-08,14:56:23,28.087,6.22,97.008,2.647,0.057,0.113,,,28.142,6.145,186.32,3.025
2023-04-08,14:56:33,28.095,6.217,97.305,2.645,0.057,0.113,,,28.155,6.148,185.75,3.065
2023-04-08,14:56:43,28.097,6.218,97.617,2.642,0.057,0.113,,,28.159,6.152,185.48,3.112
2023-04-08,14:56:53,28.097,6.213,97.943,2.656,0.057,0.113,,,28.178,6.153,185.51,3.146
2023-04-08,14:57:00,,,,,,,22.468467,91.872863,,,,
2023-04-08,14:57:03,28.107,6.211,98.2,2.636,0.057,0.114,,,28.171,6.157,185.06,3.175
2023-04-08,14:57:13,28.103,6.216,98.229,2.65,0.057,0.114,,,28.177,6.156,185.39,3.118
2023-04-08,14:57:23,28.104,6.222,97.905,2.639,0.057,0.114,,,28.177,6.158,184.95,3.105
2023-04-08,14:57:33,28.106,6.214,98.591,2.63,0.058,0.114,,,28.183,6.16,185.0,3.149
2023-04-08,14:57:43,28.117,6.212,98.737,2.655,0.057,0.114,,,28.175,6.164,184.67,3.183
2023-04-08,14:57:53,28.113,6.215,98.701,2.641,0.058,0.114,,,28.172,6.165,184.58,3.104
2023-04-08,14:58:03,28.113,6.223,98.383,2.634,0.058,0.115,,,28.171,6.168,184.74,3.079
2023-04-08,14:58:13,28.114,6.214,98.968,2.641,0.058,0.115,,,28.18,6.166,184.42,3.13
2023-04-08,14:58:23,28.116,6.22,98.583,2.643,0.058,0.115,,,28.179,6.168,184.56,3.128
2023-04-08,14:58:33,28.12,6.21,99.302,2.639,0.058,0.115,,,28.178,6.168,184.16,3.118
2023-04-08,14:58:43,28.119,6.208,99.555,2.634,0.058,0.114,,,28.17,6.17,184.44,3.11
2023-04-08,14:58:53,28.118,6.213,99.432,2.64,0.058,0.114,,,28.177,6.171,184.34,3.159
2023-04-08,14:59:00,,,,,,,22.469452,91.872487,,,,
2023-04-08,14:59:03,28.119,6.215,99.403,2.647,0.058,0.115,,,28.169,6.17,184.19,3.125
2023-04-08,14:59:13,28.122,6.221,99.098,2.654,0.058,0.115,,,28.189,6.169,184.28,3.077
2023-04-08,14:59:23,28.126,6.218,99.117,2.649,0.058,0.115,,,28.178,6.17,184.23,3.057
2023-04-08,14:59:33,28.123,6.218,99.395,2.631,0.058,0.115,,,28.191,6.169,184.18,3.027
2023-04-08,14:59:43,28.121,6.215,99.527,2.653,0.058,0.115,,,28.18,6.17,184.12,3.026
2023-04-08,14:59:53,28.123,6.22,99.312,2.648,0.058,0.115,,,28.182,6.17,184.03,3.011
2023-04-08,15:00:03,28.127,6.219,99.528,2.65,0.058,0.115,,,28.185,6.171,184.25,3.031
2023-04-08,15:00:13,28.131,6.221,99.435,2.644,0.058,0.115,,,28.185,6.17,184.29,3.025
2023-04-08,15:00:23,28.13,6.227,99.117,2.636,0.058,0.116,,,28.18,6.171,184.26,3.032
2023-04-08,15:00:33,28.132,6.223,99.554,2.639,0.058,0.116,,,28.19,6.171,184.28,3.034
2023-04-08,15:00:43,28.134,6.226,99.497,2.647,0.058,0.116,,,28.179,6.174,184.1,3.051
2023-04-08,15:00:53,28.135,6.226,99.585,2.655,0.058,0.116,,,28.183,6.177,183.71,3.119
2023-04-08,15:01:00,,,,,,,22.470337,91.872073,,,,
2023-04-08,15:01:03,28.136,6.228,99.433,2.654,0.058,0.116,,,28.188,6.174,183.99,3.05
2023-04-08,15:01:13,28.14,6.23,99.567,2.641,0.058,0.116,,,28.191,6.174,184.48,3.022
2023-04-08,15:01:23,28.143,6.235,99.393,2.652,0.059,0.116,,,28.202,6.176,184.19,3.063
2023-04-08,15:01:33,28.151,6.236,99.215,2.654,0.059,0.117,,,28.195,6.176,184.16,3.052
2023-04-08,15:01:43,28.147,6.231,99.738,2.651,0.059,0.117,,,28.192,6.177,184.06,3.027
2023-04-08,15:01:53,28.149,6.231,99.691,2.651,0.059,0.117,,,28.197,6.178,184.32,3.065
2023-04-08,15:02:03,28.148,6.227,100.2,2.646,0.059,0.117,,,28.19,6.176,184.66,3.081
2023-04-08,15:02:13,28.148,6.214,101.11,2.64,0.059,0.117,,,28.195,6.18,184.37,3.036
2023-04-08,15:02:23,28.154,6.219,100.89,2.641,0.059,0.117,,,28.2,6.179,184.55,3.039
2023-04-08,15:02:33,28.155,6.226,100.37,2.646,0.059,0.117,,,28.194,6.178,183.92,3.027
2023-04-08,15:02:43,28.158,6.22,101.09,2.67,0.059,0.117,,,28.195,6.181,184.3,3.044
2023-04-08,15:02:53,28.156,6.231,100.58,2.652,0.059,0.117,,,28.194,6.181,184.19,3.007
2023-04-08,15:03:00,,,,,,,22.471427,91.8718,,,,
2023-04-08,15:03:03,28.16,6.23,100.73,2.647,0.059,0.117,,,28.204,6.182,184.6,3.021
2023-04-08,15:03:13,28.159,6.225,101.2,2.642,0.059,0.117,,,28.205,6.183,184.17,3.043
2023-04-08,15:03:23,28.165,6.219,101.64,2.648,0.059,0.117,,,28.21,6.183,184.02,3.015
2023-04-08,15:03:33,28.167,6.223,101.52,2.642,0.059,0.118,,,28.205,6.183,184.21,3.0
2023-04-08,15:03:43,28.166,6.224,101.61,2.652,0.059,0.117,,,28.207,6.184,184.21,3.024
2023-04-08,15:03:53,28.172,6.235,101.12,2.645,0.059,0.118,,,28.21,6.186,184.28,3.041
2023-04-08,15:04:03,28.17,6.232,101.49,2.648,0.059,0.118,,,28.214,6.187,184.22,3.063
2023-04-08,15:04:13,28.175,6.244,100.77,2.651,0.059,0.118,,,28.212,6.186,184.35,3.012
2023-04-08,15:04:23,28.179,6.24,101.32,2.643,0.059,0.118,,,28.216,6.188,184.39,3.015
2023-04-08,15:04:33,28.18,6.233,101.87,2.655,0.06,0.118,,,28.22,6.188,184.34,3.034
2023-04-08,15:04:43,28.185,6.234,101.93,2.66,0.06,0.119,,,28.223,6.188,184.24,3.033
2023-04-08,15:04:53,28.184,6.236,101.99,2.652,0.06,0.119,,,28.229,6.19,184.32,3.031
2023-04-08,15:05:00,,,,,,,22.472488,91.871305,,,,
2023-04-08,15:05:03,28.191,6.233,102.39,2.669,0.06,0.119,,,28.23,6.191,184.1,3.015
2023-04-08,15:05:13,28.194,6.242,101.8,2.675,0.06,0.119,,,28.24,6.19,184.57,3.02
2023-04-08,15:05:23,28.209,6.242,102.05,2.68,0.06,0.119,,,28.25,6.193,184.42,3.029
2023-04-08,15:05:33,28.211,6.247,101.84,2.679,0.06,0.119,,,28.246,6.194,184.14,3.014
2023-04-08,15:05:43,28.223,6.266,100.89,2.693,0.06,0.119,,,28.269,6.195,185.04,3.057
2023-04-08,15:05:53,28.221,6.248,102.17,2.674,0.06,0.119,,,28.275,6.199,184.68,3.068
2023-04-08,15:06:03,28.228,6.241,102.71,2.674,0.06,0.119,,,28.284,6.201,184.74,3.126
2023-04-08,15:06:13,28.235,6.236,103.25,2.693,0.06,0.119,,,28.265,6.203,184.45,3.112
2023-04-08,15:06:23,28.243,6.245,102.73,2.673,0.06,0.119,,,28.266,6.205,184.49,3.152
2023-04-08,15:06:33,28.224,6.253,102.36,2.683,0.06,0.119,,,28.282,6.207,184.65,3.116
2023-04-08,15:06:43,28.236,6.246,102.91,2.685,0.06,0.119,,,28.279,6.205,184.58,3.099
2023-04-08,15:06:53,28.235,6.246,103.04,2.66,0.06,0.119,,,28.273,6.206,184.43,3.12
2023-04-08,15:07:00,,,,,,,22.472938,91.870657,,,,
2023-04-08,15:07:03,28.235,6.244,103.18,2.676,0.06,0.119,,,28.272,6.204,183.96,3.086
2023-04-08,15:07:13,28.231,6.247,102.98,2.671,0.06,0.119,,,28.263,6.208,183.65,3.059
2023-04-08,15:07:23,28.227,6.257,102.57,2.678,0.06,0.119,,,28.262,6.203,182.78,3.027
2023-04-08,15:07:33,28.224,6.303,99.863,2.672,0.06,0.119,,,28.261,6.201,184.17,2.984
2023-04-08,15:07:43,28.214,6.343,96.931,2.682,0.06,0.119,,,28.256,6.199,184.29,2.986
2023-04-08,15:07:53,28.225,6.351,95.809,2.676,0.06,0.119,,,28.256,6.202,184.2,2.979
2023-04-08,15:08:03,28.228,6.34,95.978,2.657,0.06,0.119,,,28.256,6.202,183.23,2.971
2023-04-08,15:08:13,28.229,6.327,96.934,2.647,0.06,0.119,,,28.253,6.198,183.31,2.998
2023-04-08,15:08:23,28.221,6.304,98.391,2.659,0.06,0.119,,,28.251,6.198,183.67,2.985
2023-04-08,15:08:33,28.217,6.298,99.047,2.656,0.06,0.119,,,28.251,6.199,183.64,3.007
2023-04-08,15:08:43,28.225,6.28,100.28,2.665,0.06,0.119,,,28.264,6.2,183.1,2.991
2023-04-08,15:08:53,28.229,6.281,100.36,2.661,0.06,0.119,,,28.249,6.199,183.23,2.994
2023-04-08,15:09:00,,,,,,,22.47266,91.869698,,,,
2023-04-08,15:09:03,28.235,6.261,101.74,2.667,0.06,0.119,,,28.25,6.199,183.11,2.996
2023-04-08,15:09:13,28.241,6.268,101.3,2.654,0.06,0.12,,,28.245,6.198,183.24,2.987
2023-04-08,15:09:23,28.223,6.27,101.27,2.661,0.06,0.119,,,28.232,6.198,183.55,2.995
2023-04-08,15:09:33,28.225,6.267,101.4,2.668,0.06,0.12,,,28.249,6.198,183.17,3.02
2023-04-08,15:09:43,28.245,6.264,101.61,2.68,0.06,0.12,,,28.269,6.2,183.23,3.003
2023-04-08,15:09:53,28.256,6.267,101.57,2.695,0.06,0.12,,,28.289,6.202,183.1,3.028
2023-04-08,15:10:03,28.27,6.272,101.47,2.696,0.06,0.119,,,28.289,6.203,183.2,3.036
2023-04-08,15:10:13,28.278,6.269,101.86,2.699,0.06,0.12,,,28.298,6.206,183.15,3.025
2023-04-08,15:10:23,28.286,6.264,102.35,2.715,0.06,0.12,,,28.312,6.21,183.25,3.054
2023-04-08,15:10:33,28.294,6.275,101.99,2.721,0.06,0.12,,,28.327,6.211,183.24,3.078
2023-04-08,15:10:43,28.306,6.283,101.7,2.715,0.06,0.12,,,28.344,6.213,183.23,3.088
2023-04-08,15:10:53,28.316,6.276,102.3,2.726,0.06,0.12,,,28.357,6.215,183.09,3.101
2023-04-08,15:11:00,,,,,,,22.472918,91.868957,,,,
2023-04-08,15:11:03,28.334,6.283,101.99,2.739,0.061,0.121,,,28.372,6.218,182.75,3.113
2023-04-08,15:11:13,28.347,6.286,102.14,2.753,0.061,0.121,,,28.388,6.223,183.1,3.125
2023-04-08,15:11:23,28.36,6.281,102.76,2.767,0.061,0.121,,,28.427,6.227,182.76,3.166
2023-04-08,15:11:33,28.369,6.291,102.41,2.761,0.061,0.122,,,28.447,6.232,182.92,3.164
2023-04-08,15:11:43,28.391,6.296,102.42,2.791,0.061,0.122,,,28.452,6.236,183.0,3.16
2023-04-08,15:11:53,28.405,6.287,103.07,2.791,0.062,0.123,,,28.459,6.241,182.75,3.187
2023-04-08,15:12:03,28.405,6.29,103.28,2.779,0.062,0.123,,,28.547,6.243,182.88,3.224
2023-04-08,15:12:13,28.417,6.29,103.32,2.783,0.062,0.124,,,28.532,6.248,182.72,3.225
2023-04-08,15:12:23,28.42,6.291,103.41,2.788,0.062,0.124,,,28.614,6.253,182.17,3.303
2023-04-08,15:12:33,28.427,6.3,103.16,2.788,0.062,0.124,,,28.614,6.256,182.22,3.284
2023-04-08,15:12:43,28.435,6.305,102.98,2.801,0.062,0.124,,,28.572,6.258,182.62,3.238
2023-04-08,15:12:53,28.438,6.304,103.38,2.809,0.062,0.125,,,28.571,6.258,182.62,3.225
2023-04-08,15:13:00,,,,,,,22.47303,91.868097,,,,
2023-04-08,15:13:03,28.458,6.307,103.33,2.814,0.063,0.125,,,28.597,6.26,182.42,3.235
2023-04-08,15:13:13,28.462,6.31,103.41,2.806,0.063,0.125,,,28.598,6.261,182.53,3.243
2023-04-08,15:13:23,28.454,6.31,103.45,2.816,0.063,0.125,,,28.6,6.263,182.64,3.251
2023-04-08,15:13:33,28.487,6.311,103.57,2.829,0.062,0.125,,,28.605,6.265,182.2,3.259
2023-04-08,15:13:43,28.491,6.319,103.22,2.84,0.062,0.125,,,28.599,6.267,182.78,3.236
2023-04-08,15:13:53,28.491,6.32,103.35,2.841,0.062,0.125,,,28.6,6.268,182.5,3.246
2023-04-08,15:14:03,28.508,6.319,103.8,2.826,0.062,0.125,,,28.624,6.27,182.82,3.27
2023-04-08,15:14:13,28.503,6.314,103.99,2.846,0.063,0.125,,,28.615,6.273,182.49,3.25
2023-04-08,15:14:23,28.523,6.327,103.59,2.86,0.063,0.125,,,28.645,6.273,182.88,3.28
2023-04-08,15:14:33,28.525,6.319,104.25,2.849,0.063,0.125,,,28.629,6.274,182.71,3.256
2023-04-08,15:14:43,28.524,6.321,104.37,2.868,0.063,0.125,,,28.638,6.274,182.5,3.276
2023-04-08,15:14:53,28.539,6.327,104.11,2.859,0.063,0.125,,,28.64,6.277,182.65,3.276
2023-04-08,15:15:00,,,,,,,22.472877,91.867455,,,,
2023-04-08,15:15:03,28.537,6.335,103.98,2.861,0.063,0.126,,,28.641,6.278,182.91,3.281
2023-04-08,15:15:13,28.55,6.325,104.69,2.862,0.063,0.125,,,28.641,6.28,182.93,3.272
2023-04-08,15:15:23,28.554,6.327,104.72,2.875,0.063,0.125,,,28.653,6.281,182.46,3.303
2023-04-08,15:15:33,28.555,6.326,104.98,2.871,0.063,0.125,,,28.653,6.284,182.67,3.286
2023-04-08,15:15:43,28.564,6.327,105.13,2.887,0.063,0.125,,,28.671,6.286,182.29,3.301
2023-04-08,15:15:53,28.579,6.329,105.29,2.89,0.063,0.125,,,28.68,6.288,181.91,3.323
2023-04-08,15:16:03,28.583,6.33,105.32,2.892,0.063,0.125,,,28.666,6.289,182.0,3.291
2023-04-08,15:16:13,28.575,6.327,105.57,2.873,0.063,0.125,,,28.686,6.292,181.78,3.311
2023-04-08,15:16:23,28.604,6.344,104.79,2.897,0.063,0.126,,,28.676,6.293,181.7,3.306
2023-04-08,15:16:33,28.608,6.335,105.57,2.909,0.063,0.126,,,28.692,6.295,181.43,3.336
2023-04-08,15:16:43,28.616,6.343,105.38,2.927,0.063,0.126,,,28.701,6.296,181.38,3.335
2023-04-08,15:16:53,28.618,6.344,105.45,2.926,0.063,0.126,,,28.697,6.299,181.3,3.319
2023-04-08,15:17:00,,,,,,,22.47259,91.866817,,,,
2023-04-08,15:17:03,28.624,6.344,105.47,2.929,0.063,0.126,,,28.702,6.299,181.25,3.337
2023-04-08,15:17:13,28.622,6.343,105.78,2.907,0.063,0.126,,,28.721,6.303,181.42,3.354
2023-04-08,15:17:23,28.629,6.344,105.98,2.935,0.063,0.127,,,28.715,6.303,181.48,3.335
2023-04-08,15:17:33,28.637,6.353,105.42,2.936,0.063,0.127,,,28.709,6.304,181.3,3.337
2023-04-08,15:17:43,28.634,6.346,106.12,2.925,0.063,0.127,,,28.715,6.304,181.37,3.332
2023-04-08,15:17:53,28.641,6.348,106.05,2.922,0.063,0.127,,,28.715,6.304,181.32,3.333
2023-04-08,15:18:03,28.641,6.349,106.3,2.941,0.063,0.126,,,28.717,6.305,181.53,3.338
2023-04-08,15:18:13,28.641,6.357,106.04,2.936,0.063,0.126,,,28.712,6.306,181.45,3.343
2023-04-08,15:18:23,28.639,6.363,105.9,2.926,0.063,0.126,,,28.724,6.307,181.49,3.367
2023-04-08,15:18:33,28.643,6.357,106.27,2.922,0.063,0.126,,,28.719,6.308,181.65,3.354
2023-04-08,15:18:43,28.646,6.356,106.59,2.934,0.063,0.126,,,28.713,6.309,181.76,3.352
2023-04-08,15:18:53,28.648,6.354,106.81,2.917,0.063,0.126,,,28.707,6.31,181.62,3.357
2023-04-08,15:19:00,,,,,,,22.472308,91.866152,,,,
2023-04-08,15:19:03,28.65,6.356,106.91,2.927,0.063,0.126,,,28.708,6.309,181.58,3.341
2023-04-08,15:19:13,28.648,6.359,106.91,2.933,0.063,0.126,,,28.705,6.311,181.4,3.329
2023-04-08,15:19:23,28.646,6.352,107.59,2.943,0.063,0.127,,,28.703,6.309,180.96,3.315
2023-04-08,15:19:33,28.643,6.349,107.78,2.917,0.063,0.126,,,28.719,6.31,181.59,3.346
2023-04-08,15:19:43,28.646,6.355,107.57,2.928,0.063,0.126,,,28.709,6.311,181.27,3.337
2023-04-08,15:19:53,28.646,6.361,107.35,2.925,0.063,0.126,,,28.714,6.311,181.8,3.323
2023-04-08,15:20:03,28.65,6.364,107.26,2.942,0.063,0.126,,,28.72,6.311,181.76,3.343
2023-04-08,15:20:13,28.65,6.358,107.89,2.937,0.063,0.126,,,28.711,6.312,181.86,3.335
2023-04-08,15:20:23,28.655,6.359,107.85,2.946,0.063,0.126,,,28.72,6.312,181.86,3.343
2023-04-08,15:20:33,28.663,6.358,108.09,2.933,0.063,0.126,,,28.724,6.313,182.01,3.327
2023-04-08,15:20:43,28.668,6.359,108.21,2.947,0.063,0.126,,,28.736,6.315,181.89,3.343
2023-04-08,15:20:53,28.67,6.361,108.27,2.947,0.063,0.126,,,28.756,6.316,181.93,3.364
2023-04-08,15:21:00,,,,,,,22.471902,91.865477,,,,
2023-04-08,15:21:03,28.685,6.354,108.88,2.947,0.063,0.126,,,28.747,6.317,181.82,3.355
2023-04-08,15:21:13,28.69,6.355,108.87,2.974,0.063,0.126,,,28.756,6.318,181.86,3.356
2023-04-08,15:21:23,28.706,6.358,109.1,2.973,0.063,0.126,,,28.795,6.323,181.93,3.432
2023-04-08,15:21:33,28.709,6.366,108.68,2.98,0.063,0.127,,,28.802,6.323,181.51,3.419
2023-04-08,15:21:43,28.72,6.358,109.18,2.968,0.063,0.127,,,28.809,6.327,181.73,3.442
2023-04-08,15:21:53,28.726,6.368,108.95,2.969,0.063,0.127,,,28.825,6.329,181.86,3.446
2023-04-08,15:22:03,28.741,6.373,108.77,2.993,0.063,0.127,,,28.819,6.329,181.84,3.423
2023-04-08,15:22:13,28.746,6.367,109.44,2.995,0.063,0.126,,,28.799,6.331,181.7,3.375
2023-04-08,15:22:23,28.744,6.373,109.27,2.995,0.063,0.126,,,28.82,6.333,182.08,3.394
2023-04-08,15:22:33,28.755,6.374,109.39,3.011,0.063,0.127,,,28.813,6.335,181.72,3.417
2023-04-08,15:22:43,28.756,6.376,109.45,3.003,0.063,0.127,,,28.8,6.335,181.86,3.389
2023-04-08,15:22:53,28.754,6.376,109.53,2.98,0.063,0.127,,,28.812,6.339,181.62,3.394
2023-04-08,15:23:00,,,,,,,22.4715,91.864803,,,,
2023-04-08,15:23:03,28.759,6.37,109.95,2.994,0.063,0.127,,,28.816,6.337,181.59,3.396
2023-04-08,15:23:13,28.761,6.368,110.21,3.006,0.063,0.127,,,28.815,6.337,182.23,3.414
2023-04-08,15:23:23,28.773,6.367,110.49,3.007,0.063,0.127,,,28.809,6.338,182.11,3.376
2023-04-08,15:23:33,28.765,6.367,110.6,2.998,0.063,0.127,,,28.806,6.339,182.09,3.401
2023-04-08,15:23:43,28.756,6.378,109.8,2.991,0.063,0.127,,,28.811,6.339,182.19,3.394
2023-04-08,15:23:53,28.764,6.376,110.13,3.003,0.063,0.127,,,28.828,6.341,181.57,3.412
2023-04-08,15:24:03,28.766,6.373,110.31,2.993,0.063,0.127,,,28.825,6.341,181.7,3.407
2023-04-08,15:24:13,28.772,6.382,109.87,3.005,0.063,0.127,,,28.833,6.343,181.68,3.415
2023-04-08,15:24:23,28.775,6.383,110.09,3.008,0.063,0.127,,,28.83,6.343,182.12,3.405
2023-04-08,15:24:33,28.777,6.375,110.65,3.011,0.063,0.127,,,28.832,6.343,182.17,3.399
2023-04-08,15:24:43,28.778,6.373,110.81,3.012,0.063,0.127,,,28.828,6.344,182.33,3.408
2023-04-08,15:24:53,28.78,6.368,111.25,2.99,0.063,0.127,,,28.835,6.345,182.37,3.415
2023-04-08,15:25:00,,,,,,,22.471047,91.864125,,,,
2023-04-08,15:25:03,28.785,6.373,110.92,3.006,0.063,0.127,,,28.845,6.346,182.18,3.415
2023-04-08,15:25:13,28.783,6.372,110.93,3.009,0.063,0.127,,,28.844,6.346,182.34,3.419
2023-04-08,15:25:23,28.786,6.376,110.82,3.004,0.063,0.127,,,28.848,6.347,182.32,3.442
2023-04-08,15:25:33,28.79,6.367,111.55,3.001,0.064,0.128,,,28.849,6.35,182.47,3.428
2023-04-08,15:25:43,28.796,6.385,110.52,3.017,0.064,0.128,,,28.849,6.35,182.21,3.432
2023-04-08,15:25:53,28.798,6.38,110.88,3.032,0.064,0.128,,,28.852,6.35,182.7,3.439
2023-04-08,15:26:03,28.802,6.38,110.98,3.023,0.064,0.128,,,28.858,6.349,182.99,3.411
2023-04-08,15:26:13,28.815,6.385,110.91,3.019,0.064,0.128,,,28.889,6.352,182.67,3.445
2023-04-08,15:26:23,28.823,6.386,110.91,3.044,0.064,0.128,,,28.901,6.354,182.75,3.482
2023-04-08,15:26:33,28.836,6.382,111.47,3.043,0.064,0.129,,,28.922,6.357,182.92,3.502
2023-04-08,15:26:43,28.859,6.386,111.43,3.07,0.064,0.128,,,28.938,6.358,182.66,3.517
2023-04-08,15:26:53,28.869,6.389,111.46,3.083,0.064,0.128,,,28.934,6.364,182.9,3.505
2023-04-08,15:27:00,,,,,,,22.47053,91.863533,,,,
2023-04-08,15:27:03,28.867,6.398,111.01,3.071,0.064,0.128,,,28.948,6.365,182.64,3.492
2023-04-08,15:27:13,28.878,6.4,111.04,3.075,0.064,0.128,,,28.944,6.363,182.54,3.489
2023-04-08,15:27:23,28.884,6.4,111.12,3.076,0.064,0.128,,,28.96,6.363,182.72,3.493
2023-04-08,15:27:33,28.895,6.398,111.4,3.087,0.064,0.129,,,28.963,6.363,182.97,3.487
2023-04-08,15:27:43,28.903,6.408,110.98,3.099,0.064,0.129,,,28.964,6.363,183.44,3.484
2023-04-08,15:27:53,28.902,6.404,111.23,3.086,0.064,0.129,,,28.97,6.366,183.56,3.572
2023-04-08,15:28:03,28.909,6.405,111.31,3.084,0.064,0.129,,,28.972,6.369,182.65,3.668
2023-04-08,15:28:13,28.913,6.411,111.03,3.102,0.064,0.129,,,28.973,6.368,182.66,3.514
2023-04-08,15:28:23,28.918,6.404,111.47,3.082,0.064,0.129,,,28.98,6.367,183.0,3.511
2023-04-08,15:28:33,28.919,6.402,111.68,3.118,0.064,0.129,,,28.979,6.368,182.83,3.504
2023-04-08,15:28:43,28.925,6.405,111.6,3.094,0.064,0.13,,,28.986,6.372,183.39,3.498
2023-04-08,15:28:53,28.931,6.406,111.65,3.094,0.064,0.13,,,28.983,6.373,183.33,3.498
2023-04-08,15:29:00,,,,,,,22.470053,91.862893,,,,
2023-04-08,15:29:03,28.934,6.407,111.63,3.098,0.064,0.129,,,28.986,6.378,183.2,3.503
2023-04-08,15:29:13,28.935,6.411,111.55,3.093,0.064,0.129,,,28.988,6.378,183.21,3.519
2023-04-08,15:29:23,28.936,6.412,111.57,3.096,0.064,0.129,,,28.981,6.378,183.46,3.504
2023-04-08,15:29:33,28.937,6.408,111.89,3.096,0.064,0.129,,,28.986,6.38,183.29,3.506
2023-04-08,15:29:43,28.941,6.414,111.49,3.086,0.064,0.129,,,28.991,6.383,183.0,3.51
2023-04-08,15:29:53,28.94,6.408,111.8,3.108,0.064,0.129,,,28.988,6.383,182.98,3.519
2023-04-08,15:30:03,28.94,6.414,111.58,3.086,0.064,0.129,,,29.006,6.385,183.41,3.525
2023-04-08,15:30:13,28.947,6.405,112.13,3.117,0.064,0.129,,,28.998,6.387,183.32,3.517
2023-04-08,15:30:23,28.949,6.406,112.27,3.097,0.064,0.129,,,28.994,6.39,183.35,3.507
2023-04-08,15:30:33,28.945,6.403,112.42,3.117,0.064,0.129,,,28.988,6.389,183.61,3.488
2023-04-08,15:30:43,28.945,6.411,112.08,3.076,0.064,0.129,,,28.995,6.389,183.64,3.495
2023-04-08,15:30:53,28.951,6.406,112.44,3.103,0.064,0.129,,,29.006,6.389,183.78,3.506
2023-04-08,15:31:00,,,,,,,22.46944,91.862298,,,,
2023-04-08,15:31:03,28.963,6.406,112.63,3.098,0.064,0.13,,,29.012,6.39,183.65,3.51
2023-04-08,15:31:13,28.965,6.416,112.1,3.103,0.064,0.13,,,29.018,6.393,183.69,3.531
2023-04-08,15:31:23,28.969,6.412,112.41,3.098,0.064,0.13,,,29.03,6.394,183.71,3.523
2023-04-08,15:31:33,28.975,6.41,112.58,3.134,0.064,0.13,,,29.031,6.395,183.51,3.521
2023-04-08,15:31:43,28.976,6.418,112.2,3.11,0.064,0.13,,,29.026,6.396,183.41,3.525
2023-04-08,15:31:53,28.98,6.411,112.61,3.12,0.064,0.13,,,29.04,6.397,183.49,3.547
2023-04-08,15:32:03,28.979,6.418,112.31,3.116,0.064,0.13,,,29.031,6.397,183.65,3.513
2023-04-08,15:32:13,28.98,6.414,112.63,3.096,0.064,0.129,,,29.035,6.398,183.62,3.506
2023-04-08,15:32:23,28.99,6.418,112.59,3.115,0.064,0.129,,,29.052,6.399,183.62,3.529
2023-04-08,15:32:33,28.991,6.415,112.72,3.123,0.064,0.129,,,29.043,6.399,183.68,3.532
2023-04-08,15:32:43,28.994,6.41,113.08,3.109,0.064,0.129,,,29.052,6.398,183.69,3.529
2023-04-08,15:32:53,28.997,6.415,112.84,3.129,0.064,0.129,,,29.053,6.399,183.65,3.529
2023-04-08,15:33:00,,,,,,,22.46882,91.861622,,,,
2023-04-08,15:33:03,29.005,6.413,113.14,3.121,0.064,0.129,,,29.05,6.399,183.51,3.532
2023-04-08,15:33:13,29.006,6.409,113.5,3.119,0.064,0.13,,,29.078,6.399,183.58,3.56
2023-04-08,15:33:23,29.017,6.414,113.32,3.15,0.064,0.129,,,29.072,6.401,183.74,3.546
2023-04-08,15:33:33,29.013,6.408,113.69,3.111,0.064,0.129,,,29.07,6.401,183.56,3.542
2023-04-08,15:33:43,29.023,6.414,113.39,3.128,0.064,0.13,,,29.075,6.401,183.78,3.536
2023-04-08,15:33:53,29.026,6.405,114.05,3.134,0.064,0.13,,,29.084,6.402,183.55,3.534
2023-04-08,15:34:03,29.03,6.415,113.59,3.141,0.064,0.13,,,29.086,6.403,183.37,3.559
2023-04-08,15:34:13,29.038,6.419,113.45,3.128,0.065,0.13,,,29.098,6.403,183.75,3.549
2023-04-08,15:34:23,29.044,6.421,113.4,3.121,0.065,0.131,,,29.101,6.406,183.56,3.56
2023-04-08,15:34:33,29.037,6.426,113.16,3.144,0.065,0.131,,,29.113,6.407,183.41,3.567
2023-04-08,15:34:43,29.048,6.42,113.64,3.146,0.065,0.131,,,29.109,6.408,183.49,3.556
2023-04-08,15:34:53,29.055,6.422,113.56,3.143,0.065,0.13,,,29.109,6.409,183.37,3.555
2023-04-08,15:35:00,,,,,,,22.468278,91.860802,,,,
2023-04-08,15:35:03,29.055,6.417,113.86,3.13,0.065,0.131,,,29.124,6.41,183.26,3.578
2023-04-08,15:35:13,29.064,6.419,113.88,3.158,0.065,0.131,,,29.135,6.412,183.12,3.581
2023-04-08,15:35:23,29.061,6.418,114.06,3.139,0.065,0.131,,,29.137,6.413,183.1,3.576
2023-04-08,15:35:33,29.079,6.417,114.11,3.153,0.065,0.131,,,29.126,6.414,183.04,3.578
2023-04-08,15:35:43,29.07,6.423,113.92,3.145,0.065,0.131,,,29.145,6.415,182.76,3.582
2023-04-08,15:35:53,29.073,6.423,114.07,3.139,0.065,0.131,,,29.135,6.415,182.94,3.56
2023-04-08,15:36:03,29.062,6.415,114.42,3.121,0.065,0.131,,,29.124,6.416,182.72,3.558
2023-04-08,15:36:13,29.083,6.414,114.54,3.147,0.065,0.131,,,29.143,6.416,182.81,3.568
2023-04-08,15:36:23,29.096,6.425,113.89,3.144,0.065,0.131,,,29.148,6.418,182.6,3.577
2023-04-08,15:36:33,29.1,6.419,114.47,3.145,0.065,0.132,,,29.154,6.42,182.65,3.568
2023-04-08,15:36:43,29.101,6.421,114.55,3.131,0.065,0.131,,,29.15,6.421,182.71,3.572
2023-04-08,15:36:53,29.098,6.415,114.93,3.157,0.065,0.132,,,29.151,6.422,182.72,3.561
2023-04-08,15:37:00,,,,,,,22.467727,91.859965,,,,
2023-04-08,15:37:03,29.106,6.418,114.78,3.158,0.065,0.132,,,29.159,6.422,182.78,3.588
2023-04-08,15:37:13,29.111,6.422,114.62,3.137,0.065,0.132,,,29.17,6.424,182.75,3.572
2023-04-08,15:37:23,29.107,6.422,114.6,3.149,0.065,0.132,,,29.174,6.425,182.74,3.577
2023-04-08,15:37:33,29.113,6.432,113.93,3.128,0.065,0.132,,,29.155,6.427,182.58,3.56
2023-04-08,15:37:43,29.102,6.424,114.55,3.126,0.065,0.132,,,29.177,6.427,182.79,3.563
2023-04-08,15:37:53,29.104,6.423,114.66,3.139,0.065,0.132,,,29.152,6.423,182.89,3.558
2023-04-08,15:38:03,29.102,6.424,114.63,3.132,0.065,0.132,,,29.144,6.424,182.52,3.548
2023-04-08,15:38:13,29.097,6.419,114.82,3.133,0.065,0.132,,,29.138,6.424,182.87,3.533
2023-04-08,15:38:23,29.099,6.425,114.49,3.131,0.065,0.132,,,29.155,6.425,182.83,3.538
2023-04-08,15:38:33,29.101,6.421,114.8,3.126,0.065,0.132,,,29.176,6.428,182.61,3.541
2023-04-08,15:38:43,29.113,6.426,114.55,3.145,0.065,0.132,,,29.154,6.43,182.55,3.545
2023-04-08,15:38:53,29.103,6.428,114.51,3.137,0.065,0.132,,,29.145,6.43,182.48,3.53
2023-04-08,15:39:00,,,,,,,22.467385,91.859,,,,
2023-04-08,15:39:03,29.11,6.422,114.78,3.128,0.066,0.132,,,29.157,6.429,182.37,3.525
2023-04-08,15:39:13,29.122,6.426,114.75,3.141,0.066,0.133,,,29.161,6.429,182.75,3.555
2023-04-08,15:39:23,29.123,6.425,114.76,3.143,0.066,0.133,,,29.177,6.427,182.97,3.558
2023-04-08,15:39:33,29.149,6.427,114.61,3.147,0.066,0.133,,,29.199,6.429,182.97,3.567
2023-04-08,15:39:43,29.152,6.429,114.74,3.142,0.066,0.133,,,29.189,6.429,183.1,3.557
2023-04-08,15:39:53,29.151,6.429,114.77,3.15,0.066,0.133,,,29.188,6.428,183.01,3.545
2023-04-08,15:40:03,29.157,6.425,115.01,3.152,0.066,0.134,,,29.206,6.428,183.12,3.548
2023-04-08,15:40:13,29.166,6.428,114.94,3.147,0.066,0.134,,,29.206,6.426,183.23,3.552
2023-04-08,15:40:23,29.17,6.43,114.95,3.143,0.066,0.134,,,29.201,6.43,183.21,3.549
2023-04-08,15:40:33,29.164,6.435,114.69,3.146,0.066,0.134,,,29.207,6.428,183.3,3.553
2023-04-08,15:40:43,29.165,6.433,114.86,3.148,0.067,0.135,,,29.205,6.43,183.15,3.541
2023-04-08,15:40:53,29.163,6.43,115.03,3.12,0.067,0.135,,,29.204,6.433,182.91,3.53
2023-04-08,15:41:00,,,,,,,22.466723,91.858235,,,,
2023-04-08,15:41:03,29.165,6.44,114.48,3.144,0.066,0.134,,,29.207,6.437,182.74,3.551
2023-04-08,15:41:13,29.154,6.434,114.81,3.119,0.066,0.134,,,29.194,6.436,182.98,3.522
2023-04-08,15:41:23,29.158,6.434,114.68,3.139,0.067,0.135,,,29.192,6.437,182.67,3.539
2023-04-08,15:41:33,29.157,6.435,114.69,3.126,0.067,0.134,,,29.201,6.442,182.49,3.531
2023-04-08,15:41:43,29.159,6.44,114.19,3.142,0.067,0.135,,,29.194,6.442,182.24,3.525
2023-04-08,15:41:53,29.158,6.429,114.69,3.131,0.067,0.135,,,29.194,6.444,182.64,3.54
2023-04-08,15:42:03,29.155,6.434,114.26,3.11,0.067,0.134,,,29.186,6.436,182.86,3.504
2023-04-08,15:42:13,29.126,6.429,114.23,3.104,0.066,0.134,,,29.143,6.432,183.02,3.484
2023-04-08,15:42:23,29.136,6.433,113.93,3.118,0.066,0.134,,,29.164,6.429,183.14,3.494
2023-04-08,15:42:33,29.153,6.428,114.1,3.136,0.067,0.134,,,29.168,6.43,183.37,3.509
2023-04-08,15:42:43,29.153,6.434,113.86,3.137,0.067,0.135,,,29.191,6.43,183.28,3.491
2023-04-08,15:42:53,29.166,6.436,113.7,3.127,0.067,0.135,,,29.171,6.427,183.36,3.48
2023-04-08,15:43:00,,,,,,,22.465897,91.857112,,,,
2023-04-08,15:43:03,29.177,6.434,113.98,3.129,0.067,0.135,,,29.233,6.432,183.21,3.518
2023-04-08,15:43:13,29.214,6.436,114.01,3.135,0.067,0.136,,,29.228,6.432,183.21,3.523
2023-04-08,15:43:23,29.22,6.435,114.33,3.134,0.067,0.136,,,29.259,6.436,183.05,3.524
2023-04-08,15:43:33,29.222,6.448,113.69,3.155,0.067,0.136,,,29.248,6.438,182.69,3.526
2023-04-08,15:43:43,29.218,6.449,113.68,3.137,0.067,0.136,,,29.219,6.438,182.79,3.513
2023-04-08,15:43:53,29.233,6.454,113.64,3.143,0.067,0.137,,,29.273,6.438,182.71,3.536
2023-04-08,15:44:03,29.259,6.445,114.29,3.161,0.068,0.137,,,29.299,6.441,182.33,3.548
2023-04-08,15:44:13,29.27,6.447,114.27,3.138,0.068,0.137,,,29.3,6.443,182.33,3.541
2023-04-08,15:44:23,29.269,6.449,114.32,3.13,0.068,0.138,,,29.304,6.443,182.36,3.526
2023-04-08,15:44:33,29.263,6.448,114.39,3.142,0.068,0.138,,,29.27,6.441,182.3,3.495
2023-04-08,15:44:43,29.212,6.444,114.69,3.114,0.068,0.138,,,29.245,6.44,182.41,3.487
2023-04-08,15:44:53,29.257,6.446,114.23,3.117,0.068,0.138,,,29.24,6.435,182.26,3.489
2023-04-08,15:45:00,,,,,,,22.46515,91.856267,,,,
2023-04-08,15:45:03,29.267,6.447,114.22,3.142,0.068,0.138,,,29.3,6.438,181.93,3.519
2023-04-08,15:45:13,29.264,6.455,113.79,3.119,0.068,0.138,,,29.25,6.439,181.71,3.501
2023-04-08,15:45:23,29.246,6.454,113.76,3.119,0.069,0.139,,,29.333,6.44,181.68,3.52
2023-04-08,15:45:33,29.307,6.451,114.2,3.133,0.068,0.139,,,29.35,6.442,182.18,3.522
2023-04-08,15:45:43,29.311,6.455,114.23,3.14,0.069,0.139,,,29.351,6.446,182.1,3.533
2023-04-08,15:45:53,29.31,6.453,114.73,3.147,0.069,0.139,,,29.365,6.447,182.27,3.53
2023-04-08,15:46:03,29.321,6.462,114.13,3.143,0.069,0.14,,,29.365,6.451,182.26,3.542
2023-04-08,15:46:13,29.329,6.463,114.09,3.121,0.069,0.139,,,29.385,6.452,182.42,3.54
2023-04-08,15:46:23,29.33,6.462,114.39,3.118,0.069,0.14,,,29.389,6.454,182.38,3.537
2023-04-08,15:46:33,29.328,6.463,114.4,3.134,0.069,0.14,,,29.397,6.456,182.46,3.537
2023-04-08,15:46:43,29.33,6.463,114.39,3.131,0.069,0.14,,,29.399,6.458,182.58,3.535
2023-04-08,15:46:53,29.335,6.465,114.37,3.139,0.069,0.14,,,29.395,6.458,182.4,3.518
2023-04-08,15:47:00,,,,,,,22.464793,91.85577,,,,
2023-04-08,15:47:03,29.337,6.469,114.09,3.117,0.069,0.141,,,29.407,6.46,182.36,3.561
2023-04-08,15:47:13,29.341,6.466,114.41,3.143,0.07,0.141,,,29.404,6.462,182.49,3.549
2023-04-08,15:47:23,29.346,6.459,114.76,3.136,0.07,0.141,,,29.399,6.46,182.54,3.517
2023-04-08,15:47:33,29.345,6.467,114.46,3.111,0.07,0.141,,,29.405,6.462,182.33,3.533
2023-04-08,15:47:43,29.346,6.472,114.06,3.12,0.069,0.141,,,29.413,6.464,182.37,3.517
2023-04-08,15:47:53,29.349,6.472,113.97,3.111,0.07,0.141,,,29.413,6.465,182.24,3.509
2023-04-08,15:48:03,29.356,6.475,113.91,3.107,0.07,0.141,,,29.416,6.466,182.36,3.514
2023-04-08,15:48:13,29.351,6.473,114.22,3.125,0.07,0.141,,,29.412,6.468,182.29,3.526
2023-04-08,15:48:23,29.354,6.465,114.49,3.125,0.07,0.141,,,29.414,6.47,182.03,3.51
2023-04-08,15:48:33,29.354,6.463,114.76,3.123,0.07,0.141,,,29.424,6.471,182.2,3.527
2023-04-08,15:48:43,29.354,6.47,114.53,3.093,0.07,0.141,,,29.415,6.472,182.11,3.516
2023-04-08,15:48:53,29.36,6.474,114.19,3.12,0.07,0.141,,,29.423,6.472,182.01,3.512
2023-04-08,15:49:00,,,,,,,22.464185,91.855623,,,,
2023-04-08,15:49:03,29.359,6.471,114.38,3.116,0.07,0.141,,,29.429,6.472,182.01,3.519
2023-04-08,15:49:13,29.364,6.466,114.77,3.095,0.07,0.141,,,29.415,6.472,181.9,3.502
2023-04-08,15:49:23,29.364,6.462,114.75,3.097,0.07,0.142,,,29.431,6.474,181.95,3.508
2023-04-08,15:49:33,29.365,6.468,114.63,3.099,0.07,0.142,,,29.427,6.474,181.96,3.506
2023-04-08,15:49:43,29.367,6.468,114.67,3.104,0.07,0.142,,,29.438,6.474,181.98,3.513
2023-04-08,15:49:53,29.374,6.467,114.76,3.118,0.07,0.142,,,29.428,6.474,181.86,3.502
2023-04-08,15:50:03,29.374,6.463,115.04,3.113,0.07,0.142,,,29.429,6.475,181.91,3.497
2023-04-08,15:50:13,29.375,6.463,115.14,3.103,0.07,0.142,,,29.441,6.476,182.01,3.51
2023-04-08,15:50:23,29.373,6.457,115.44,3.096,0.07,0.142,,,29.432,6.476,181.78,3.524
2023-04-08,15:50:33,29.374,6.457,115.52,3.11,0.07,0.142,,,29.439,6.477,181.86,3.514
2023-04-08,15:50:43,29.374,6.453,115.86,3.101,0.07,0.142,,,29.438,6.478,181.72,3.51
2023-04-08,15:50:53,29.379,6.459,115.36,3.103,0.07,0.143,,,29.441,6.478,181.52,3.524
2023-04-08,15:51:00,,,,,,,22.463555,91.855667,,,,
2023-04-08,15:51:03,29.376,6.457,115.55,3.09,0.07,0.143,,,29.423,6.479,181.77,3.485
2023-04-08,15:51:13,29.379,6.458,115.53,3.098,0.07,0.142,,,29.439,6.477,181.59,3.48
2023-04-08,15:51:23,29.38,6.462,115.22,3.099,0.07,0.142,,,29.434,6.478,181.47,3.482
2023-04-08,15:51:33,29.381,6.465,115.2,3.086,0.07,0.143,,,29.438,6.478,181.76,3.491
2023-04-08,15:51:43,29.378,6.463,115.31,3.097,0.07,0.143,,,29.432,6.48,181.66,3.494
2023-04-08,15:51:53,29.378,6.463,115.39,3.092,0.07,0.143,,,29.444,6.48,181.59,3.49
2023-04-08,15:52:03,29.378,6.46,115.6,3.1,0.07,0.143,,,29.437,6.481,181.44,3.503
2023-04-08,15:52:13,29.383,6.461,115.6,3.107,0.07,0.143,,,29.436,6.483,181.43,3.492
2023-04-08,15:52:23,29.386,6.456,115.81,3.084,0.07,0.143,,,29.45,6.484,181.12,3.499
2023-04-08,15:52:33,29.391,6.456,116.04,3.115,0.07,0.143,,,29.453,6.485,181.19,3.518
2023-04-08,15:52:43,29.39,6.463,115.59,3.077,0.07,0.143,,,29.441,6.488,180.88,3.483
2023-04-08,15:52:53,29.388,6.453,116.19,3.082,0.071,0.143,,,29.44,6.488,181.03,3.486
2023-04-08,15:53:00,,,,,,,22.462925,91.85599,,,,
2023-04-08,15:53:03,29.389,6.455,116.1,3.094,0.071,0.143,,,29.445,6.49,181.04,3.48
2023-04-08,15:53:13,29.392,6.459,115.79,3.085,0.071,0.143,,,29.448,6.491,180.77,3.492
2023-04-08,15:53:23,29.392,6.458,115.97,3.103,0.071,0.143,,,29.457,6.492,180.87,3.493
2023-04-08,15:53:33,29.392,6.462,115.77,3.068,0.071,0.143,,,29.458,6.492,180.9,3.471
2023-04-08,15:53:43,29.396,6.464,115.69,3.076,0.071,0.143,,,29.456,6.49,180.98,3.495
2023-04-08,15:53:53,29.394,6.466,115.71,3.078,0.071,0.143,,,29.461,6.49,180.88,3.473
2023-04-08,15:54:03,29.394,6.468,115.58,3.077,0.071,0.143,,,29.447,6.489,180.92,3.468
2023-04-08,15:54:13,29.396,6.469,115.51,3.094,0.071,0.143,,,29.44,6.489,180.91,3.456
2023-04-08,15:54:23,29.396,6.467,115.6,3.07,0.071,0.143,,,29.454,6.49,180.89,3.48
2023-04-08,15:54:33,29.396,6.468,115.67,3.068,0.071,0.144,,,29.457,6.489,181.07,3.463
2023-04-08,15:54:43,29.4,6.473,115.23,3.077,0.071,0.144,,,29.464,6.49,180.93,3.472
2023-04-08,15:54:53,29.4,6.469,115.62,3.078,0.071,0.144,,,29.458,6.491,180.92,3.471
2023-04-08,15:55:00,,,,,,,22.462278,91.856397,,,,
2023-04-08,15:55:03,29.401,6.464,115.92,3.068,0.071,0.144,,,29.455,6.49,180.94,3.487
2023-04-08,15:55:13,29.4,6.462,116.04,3.062,0.071,0.144,,,29.461,6.491,180.95,3.471
2023-04-08,15:55:23,29.401,6.464,116.05,3.049,0.071,0.144,,,29.46,6.489,180.92,3.464
2023-04-08,15:55:33,29.401,6.465,115.97,3.078,0.071,0.144,,,29.454,6.488,180.94,3.456
2023-04-08,15:55:43,29.401,6.466,115.91,3.067,0.071,0.144,,,29.458,6.487,180.96,3.464
2023-04-08,15:55:53,29.402,6.465,115.96,3.064,0.071,0.145,,,29.458,6.488,180.85,3.472
2023-04-08,15:56:03,29.403,6.466,115.94,3.056,0.071,0.144,,,29.459,6.49,180.99,3.479
2023-04-08,15:56:13,29.405,6.464,116.16,3.055,0.071,0.144,,,29.457,6.489,180.97,3.465
2023-04-08,15:56:23,29.406,6.459,116.42,3.055,0.071,0.144,,,29.462,6.49,180.76,3.494
2023-04-08,15:56:33,29.405,6.466,116.17,3.048,0.071,0.144,,,29.462,6.491,180.88,3.466
2023-04-08,15:56:43,29.401,6.462,116.33,3.053,0.071,0.144,,,29.461,6.492,180.62,3.452
2023-04-08,15:56:53,29.403,6.464,116.25,3.05,0.071,0.144,,,29.461,6.494,180.43,3.452
2023-04-08,15:57:00,,,,,,,22.461577,91.856723,,,,
2023-04-08,15:57:03,29.404,6.466,116.06,3.061,0.071,0.144,,,29.459,6.493,180.59,3.45
2023-04-08,15:57:13,29.408,6.463,116.29,3.047,0.071,0.144,,,29.462,6.494,180.48,3.459
2023-04-08,15:57:23,29.411,6.466,116.24,3.058,0.071,0.144,,,29.46,6.494,180.48,3.432
2023-04-08,15:57:33,29.407,6.466,116.22,3.052,0.071,0.144,,,29.454,6.492,180.65,3.435
2023-04-08,15:57:43,29.41,6.457,116.77,3.043,0.071,0.144,,,29.463,6.504,180.49,3.531
2023-04-08,15:57:53,29.41,6.463,116.47,3.06,0.071,0.145,,,29.454,6.507,180.34,3.648
2023-04-08,15:58:03,29.412,6.462,116.51,3.054,0.071,0.145,,,29.463,6.502,180.43,3.526
2023-04-08,15:58:13,29.414,6.459,116.6,3.063,0.072,0.145,,,29.466,6.501,180.34,3.444
2023-04-08,15:58:23,29.416,6.461,116.61,3.06,0.072,0.145,,,29.474,6.501,180.25,3.435
2023-04-08,15:58:33,29.413,6.467,116.28,3.035,0.072,0.145,,,29.468,6.502,180.12,3.428
2023-04-08,15:58:43,29.412,6.457,116.91,3.045,0.072,0.145,,,29.47,6.5,180.08,3.435
2023-04-08,15:58:53,29.415,6.457,116.9,3.038,0.072,0.146,,,29.475,6.499,180.15,3.447
2023-04-08,15:59:00,,,,,,,22.460788,91.857055,,,,
2023-04-08,15:59:03,29.417,6.458,116.86,3.042,0.072,0.146,,,29.469,6.501,180.1,3.442
2023-04-08,15:59:13,29.416,6.462,116.66,3.035,0.072,0.146,,,29.461,6.502,179.96,3.426
2023-04-08,15:59:23,29.418,6.46,116.69,3.052,0.072,0.146,,,29.469,6.501,180.13,3.421
2023-04-08,15:59:33,29.42,6.462,116.6,3.033,0.072,0.146,,,29.466,6.502,180.12,3.42
2023-04-08,15:59:43,29.422,6.457,117.0,3.039,0.072,0.146,,,29.466,6.502,180.16,3.434
2023-04-08,15:59:53,29.427,6.464,116.48,3.038,0.072,0.146,,,29.462,6.502,180.13,3.423
2023-04-08,16:00:03,29.425,6.465,116.45,3.028,0.072,0.146,,,29.467,6.503,180.12,3.425
2023-04-08,16:00:13,29.427,6.456,117.03,3.017,0.072,0.147,,,29.468,6.501,180.09,3.407
2023-04-08,16:00:23,29.428,6.46,116.86,3.018,0.072,0.147,,,29.463,6.502,180.11,3.434
2023-04-08,16:00:33,29.428,6.454,117.29,3.027,0.072,0.147,,,29.466,6.501,180.21,3.418
2023-04-08,16:00:43,29.427,6.455,117.17,3.011,0.072,0.147,,,29.473,6.499,180.13,3.395
2023-04-08,16:00:53,29.426,6.464,116.68,3.021,0.072,0.147,,,29.471,6.499,180.28,3.409
2023-04-08,16:01:00,,,,,,,22.460042,91.857465,,,,
2023-04-08,16:01:03,29.429,6.457,117.11,3.031,0.072,0.147,,,29.465,6.5,180.35,3.393
2023-04-08,16:01:13,29.43,6.456,117.19,3.016,0.072,0.147,,,29.473,6.5,180.32,3.405
2023-04-08,16:01:23,29.433,6.457,116.97,3.022,0.072,0.147,,,29.475,6.501,180.15,3.398
2023-04-08,16:01:33,29.43,6.458,117.08,3.031,0.072,0.147,,,29.472,6.503,180.33,3.378
2023-04-08,16:01:43,29.434,6.461,116.86,3.007,0.072,0.147,,,29.464,6.5,180.4,3.397
2023-04-08,16:01:53,29.434,6.46,116.92,3.019,0.072,0.147,,,29.468,6.503,180.4,3.389
2023-04-08,16:02:03,29.435,6.459,117.05,3.014,0.072,0.147,,,29.475,6.503,180.35,3.391
2023-04-08,16:02:13,29.433,6.459,116.96,3.006,0.072,0.147,,,29.472,6.504,180.36,3.393
2023-04-08,16:02:23,29.435,6.46,116.86,2.979,0.072,0.147,,,29.468,6.504,180.46,3.387
2023-04-08,16:02:33,29.437,6.456,117.09,3.006,0.072,0.147,,,29.475,6.502,180.55,3.383
2023-04-08,16:02:43,29.437,6.459,116.98,2.996,0.072,0.147,,,29.474,6.503,180.31,3.386
2023-04-08,16:02:53,29.439,6.456,117.29,3.011,0.072,0.147,,,29.472,6.502,180.51,3.388
2023-04-08,16:03:00,,,,,,,22.45921,91.85781,,,,
2023-04-08,16:03:03,29.433,6.458,117.15,3.008,0.072,0.147,,,29.473,6.5,180.46,3.384
2023-04-08,16:03:13,29.437,6.456,117.2,3.004,0.072,0.147,,,29.472,6.502,180.48,3.375
2023-04-08,16:03:23,29.438,6.457,117.12,3.0,0.073,0.147,,,29.476,6.502,180.54,3.385
2023-04-08,16:03:33,29.435,6.46,117.04,3.005,0.073,0.147,,,29.477,6.502,180.44,3.369
2023-04-08,16:03:43,29.442,6.46,117.0,2.996,0.073,0.148,,,29.483,6.501,180.31,3.363
2023-04-08,16:03:53,29.447,6.456,117.27,3.003,0.073,0.148,,,29.48,6.503,180.24,3.35
2023-04-08,16:04:03,29.442,6.451,117.52,3.008,0.073,0.148,,,29.483,6.505,179.92,3.354
2023-04-08,16:04:13,29.44,6.455,117.27,2.994,0.073,0.148,,,29.476,6.506,180.09,3.358
2023-04-08,16:04:23,29.446,6.455,117.05,2.991,0.073,0.148,,,29.477,6.506,180.24,3.364
2023-04-08,16:04:33,29.434,6.455,116.88,2.995,0.073,0.148,,,29.481,6.503,180.08,3.353
2023-04-08,16:04:43,29.438,6.454,116.87,3.005,0.073,0.148,,,29.48,6.502,180.09,3.348
2023-04-08,16:04:53,29.441,6.457,116.56,2.983,0.073,0.148,,,29.485,6.501,180.31,3.348
2023-04-08,16:05:00,,,,,,,22.458332,91.85802,,,,
2023-04-08,16:05:03,29.446,6.456,116.58,2.986,0.073,0.148,,,29.482,6.505,180.21,3.361
2023-04-08,16:05:13,29.441,6.458,116.16,2.971,0.073,0.148,,,29.48,6.506,180.1,3.352
2023-04-08,16:05:23,29.451,6.458,116.27,2.979,0.073,0.147,,,29.488,6.507,180.18,3.341
2023-04-08,16:05:33,29.452,6.46,116.0,2.974,0.073,0.148,,,29.494,6.508,180.06,3.355
2023-04-08,16:05:43,29.451,6.46,115.96,2.975,0.073,0.147,,,29.49,6.508,180.18,3.346
2023-04-08,16:05:53,29.449,6.459,115.89,2.97,0.073,0.147,,,29.49,6.509,180.12,3.347
2023-04-08,16:06:03,29.451,6.458,116.02,2.98,0.073,0.148,,,29.498,6.508,180.15,3.353
2023-04-08,16:06:13,29.454,6.464,115.69,2.967,0.072,0.147,,,29.497,6.508,180.08,3.337
2023-04-08,16:06:23,29.456,6.463,115.71,2.969,0.072,0.147,,,29.495,6.508,180.08,3.366
2023-04-08,16:06:33,29.456,6.455,116.21,2.963,0.072,0.147,,,29.492,6.507,180.18,3.34
2023-04-08,16:06:43,29.455,6.454,116.23,2.966,0.072,0.147,,,29.499,6.507,180.16,3.343
2023-04-08,16:06:53,29.46,6.461,115.79,2.968,0.072,0.147,,,29.495,6.508,180.25,3.333
2023-04-08,16:07:00,,,,,,,22.457377,91.858213,,,,
2023-04-08,16:07:03,29.46,6.452,116.4,2.961,0.072,0.147,,,29.502,6.506,180.05,3.34
2023-04-08,16:07:13,29.462,6.458,116.0,2.969,0.073,0.147,,,29.5,6.507,180.27,3.331
2023-04-08,16:07:23,29.463,6.461,115.83,2.953,0.073,0.148,,,29.501,6.507,180.32,3.321
2023-04-08,16:07:33,29.462,6.458,116.08,2.945,0.073,0.148,,,29.504,6.508,180.27,3.326
2023-04-08,16:07:43,29.464,6.459,116.01,2.95,0.073,0.148,,,29.501,6.508,180.22,3.331
2023-04-08,16:07:53,29.464,6.46,115.88,2.96,0.073,0.148,,,29.504,6.509,180.09,3.342
2023-04-08,16:08:03,29.465,6.457,116.13,2.959,0.073,0.149,,,29.506,6.507,180.33,3.332
2023-04-08,16:08:13,29.466,6.458,116.07,2.959,0.073,0.149,,,29.501,6.51,180.27,3.353
2023-04-08,16:08:23,29.467,6.457,116.07,2.946,0.073,0.149,,,29.502,6.51,180.25,3.32
2023-04-08,16:08:33,29.468,6.458,116.14,2.962,0.073,0.149,,,29.502,6.508,180.4,3.32
2023-04-08,16:08:43,29.467,6.461,115.98,2.938,0.073,0.149,,,29.508,6.507,180.16,3.317
2023-04-08,16:08:53,29.47,6.454,116.4,2.971,0.073,0.149,,,29.508,6.508,180.34,3.325
2023-04-08,16:09:00,,,,,,,22.456273,91.858623,,,,
2023-04-08,16:09:03,29.472,6.456,116.33,2.959,0.073,0.149,,,29.508,6.509,179.97,3.33
2023-04-08,16:09:13,29.471,6.451,116.59,2.945,0.073,0.149,,,29.51,6.51,180.26,3.319
2023-04-08,16:09:23,29.47,6.453,116.43,2.958,0.073,0.149,,,29.512,6.509,180.51,3.336
2023-04-08,16:09:33,29.47,6.458,116.23,2.944,0.073,0.149,,,29.51,6.509,180.65,3.314
2023-04-08,16:09:43,29.471,6.464,115.86,2.966,0.073,0.149,,,29.509,6.51,180.65,3.328
2023-04-08,16:09:53,29.471,6.465,115.72,2.968,0.073,0.149,,,29.508,6.51,180.64,3.328
2023-04-08,16:10:03,29.474,6.465,115.81,2.937,0.073,0.149,,,29.509,6.51,180.9,3.31
2023-04-08,16:10:13,29.476,6.458,116.23,2.93,0.073,0.149,,,29.509,6.51,180.87,3.313
2023-04-08,16:10:23,29.476,6.461,116.03,2.956,0.073,0.149,,,29.515,6.51,180.65,3.313
2023-04-08,16:10:33,29.475,6.453,116.57,2.968,0.074,0.149,,,29.51,6.51,180.89,3.313
2023-04-08,16:10:43,29.475,6.454,116.38,2.943,0.074,0.15,,,29.51,6.512,180.81,3.315
2023-04-08,16:10:53,29.477,6.459,116.13,2.944,0.074,0.15,,,29.514,6.511,180.77,3.319
2023-04-08,16:11:00,,,,,,,22.455457,91.858878,,,,
2023-04-08,16:11:03,29.478,6.458,116.22,2.949,0.074,0.15,,,29.511,6.511,180.6,3.329
2023-04-08,16:11:13,29.475,6.46,116.15,2.948,0.074,0.15,,,29.515,6.508,180.95,3.315
2023-04-08,16:11:23,29.477,6.465,115.8,2.953,0.074,0.15,,,29.515,6.505,180.76,3.317
2023-04-08,16:11:33,29.477,6.459,116.07,2.963,0.074,0.15,,,29.515,6.517,180.25,3.49
2023-04-08,16:11:43,29.478,6.457,116.31,2.945,0.074,0.15,,,29.519,6.513,180.31,3.359
2023-04-08,16:11:53,29.477,6.456,116.37,2.944,0.073,0.149,,,29.519,6.513,180.16,3.352
2023-04-08,16:12:03,29.478,6.452,116.69,2.94,0.074,0.149,,,29.514,6.513,180.06,3.319
2023-04-08,16:12:13,29.478,6.452,116.66,2.939,0.073,0.149,,,29.519,6.512,180.19,3.331
2023-04-08,16:12:23,29.478,6.455,116.48,2.948,0.073,0.149,,,29.514,6.513,180.09,3.315
2023-04-08,16:12:33,29.476,6.459,116.24,2.95,0.073,0.149,,,29.515,6.513,179.88,3.316
2023-04-08,16:12:43,29.476,6.457,116.43,2.942,0.073,0.149,,,29.519,6.51,180.01,3.315
2023-04-08,16:12:53,29.478,6.457,116.29,2.928,0.073,0.149,,,29.52,6.51,179.87,3.318
2023-04-08,16:13:00,,,,,,,22.454447,91.859238,,,,
2023-04-08,16:13:03,29.481,6.458,116.41,2.952,0.073,0.149,,,29.518,6.513,179.88,3.338
2023-04-08,16:13:13,29.48,6.452,116.72,2.943,0.073,0.149,,,29.521,6.512,179.99,3.319
2023-04-08,16:13:23,29.48,6.455,116.57,2.938,0.073,0.148,,,29.515,6.511,179.95,3.288
2023-04-08,16:13:33,29.48,6.457,116.56,2.94,0.073,0.149,,,29.52,6.513,179.67,3.314
2023-04-08,16:13:43,29.483,6.461,116.22,2.957,0.073,0.148,,,29.525,6.512,179.81,3.306
2023-04-08,16:13:53,29.486,6.461,116.39,2.938,0.073,0.148,,,29.525,6.514,179.78,3.345
2023-04-08,16:14:03,29.488,6.46,116.29,2.932,0.073,0.148,,,29.525,6.514,179.67,3.317
2023-04-08,16:14:13,29.486,6.46,116.32,2.937,0.073,0.148,,,29.526,6.517,179.6,3.315
2023-04-08,16:14:23,29.488,6.457,116.52,2.951,0.073,0.148,,,29.529,6.516,179.35,3.32
2023-04-08,16:14:33,29.489,6.455,116.63,2.949,0.073,0.148,,,29.53,6.518,179.5,3.293
2023-04-08,16:14:43,29.49,6.452,116.87,2.932,0.073,0.149,,,29.532,6.518,179.25,3.297
2023-04-08,16:14:53,29.492,6.453,116.93,2.927,0.073,0.148,,,29.533,6.518,179.18,3.316
2023-04-08,16:15:00,,,,,,,22.453165,91.85949,,,,
2023-04-08,16:15:03,29.491,6.456,116.82,2.923,0.073,0.149,,,29.528,6.518,179.36,3.295
2023-04-08,16:15:13,29.493,6.45,116.94,2.929,0.073,0.149,,,29.523,6.518,179.42,3.296
2023-04-08,16:15:23,29.492,6.451,117.09,2.925,0.073,0.149,,,29.533,6.518,179.39,3.299
2023-04-08,16:15:33,29.493,6.452,116.97,2.923,0.073,0.149,,,29.532,6.521,179.96,3.296
2023-04-08,16:15:43,29.494,6.449,117.25,2.931,0.073,0.149,,,29.536,6.518,179.59,3.296
2023-04-08,16:15:53,29.497,6.45,117.15,2.922,0.073,0.149,,,29.542,6.518,179.56,3.31
2023-04-08,16:16:03,29.499,6.45,117.0,2.921,0.073,0.149,,,29.543,6.519,179.27,3.305
2023-04-08,16:16:13,29.497,6.453,117.09,2.91,0.073,0.149,,,29.544,6.519,179.39,3.299
2023-04-08,16:16:23,29.499,6.456,116.82,2.917,0.073,0.149,,,29.544,6.518,179.56,3.281
2023-04-08,16:16:33,29.503,6.457,116.91,2.918,0.073,0.149,,,29.541,6.519,179.66,3.281
2023-04-08,16:16:43,29.502,6.456,116.57,2.919,0.073,0.149,,,29.542,6.517,179.52,3.288
2023-04-08,16:16:53,29.503,6.458,116.75,2.922,0.074,0.15,,,29.549,6.518,179.63,3.293
2023-04-08,16:17:00,,,,,,,22.452452,91.859702,,,,
2023-04-08,16:17:03,29.506,6.455,116.94,2.913,0.073,0.149,,,29.546,6.519,179.75,3.3
2023-04-08,16:17:13,29.506,6.46,116.74,2.92,0.074,0.15,,,29.549,6.518,179.6,3.299
2023-04-08,16:17:23,29.505,6.464,116.36,2.915,0.074,0.15,,,29.551,6.517,179.61,3.28
2023-04-08,16:17:33,29.507,6.455,117.02,2.92,0.074,0.151,,,29.548,6.518,179.74,3.281
2023-04-08,16:17:43,29.507,6.458,116.86,2.925,0.074,0.151,,,29.548,6.519,179.64,3.279
2023-04-08,16:17:53,29.508,6.455,117.07,2.91,0.074,0.151,,,29.552,6.52,179.43,3.289
2023-04-08,16:18:03,29.509,6.454,117.14,2.906,0.074,0.151,,,29.551,6.521,179.57,3.283
2023-04-08,16:18:13,29.512,6.456,117.02,2.903,0.074,0.151,,,29.551,6.521,179.27,3.29
2023-04-08,16:18:23,29.51,6.452,117.24,2.918,0.074,0.151,,,29.553,6.523,179.35,3.299
2023-04-08,16:18:33,29.509,6.457,116.96,2.902,0.074,0.151,,,29.551,6.523,179.53,3.281
2023-04-08,16:18:43,29.511,6.456,116.96,2.903,0.074,0.151,,,29.554,6.522,179.72,3.276
2023-04-08,16:18:53,29.511,6.457,116.86,2.921,0.074,0.151,,,29.557,6.523,179.37,3.288
2023-04-08,16:19:00,,,,,,,22.451492,91.860092,,,,
2023-04-08,16:19:03,29.516,6.461,116.75,2.903,0.074,0.151,,,29.556,6.524,179.57,3.297
2023-04-08,16:19:13,29.515,6.459,116.88,2.91,0.074,0.151,,,29.551,6.523,179.46,3.296
2023-04-08,16:19:23,29.515,6.461,116.77,2.893,0.074,0.151,,,29.551,6.522,179.55,3.289
2023-04-08,16:19:33,29.516,6.458,116.98,2.909,0.074,0.151,,,29.556,6.522,179.71,3.283
2023-04-08,16:19:43,29.518,6.457,117.01,2.91,0.074,0.151,,,29.546,6.522,179.72,3.282
2023-04-08,16:19:53,29.516,6.454,117.18,2.909,0.074,0.151,,,29.558,6.521,179.93,3.29
2023-04-08,16:20:03,29.518,6.453,117.3,2.905,0.074,0.151,,,29.558,6.522,179.64,3.295
2023-04-08,16:20:13,29.518,6.458,116.86,2.905,0.074,0.151,,,29.559,6.523,179.67,3.289
2023-04-08,16:20:23,29.519,6.462,116.76,2.909,0.074,0.151,,,29.561,6.523,179.79,3.288
2023-04-08,16:20:33,29.523,6.468,116.41,2.89,0.074,0.151,,,29.568,6.524,179.72,3.284
2023-04-08,16:20:43,29.523,6.46,116.91,2.892,0.074,0.151,,,29.563,6.523,179.79,3.267
2023-04-08,16:20:53,29.526,6.466,116.71,2.907,0.074,0.151,,,29.563,6.523,179.91,3.257
2023-04-08,16:21:00,,,,,,,22.450502,91.860452,,,,
2023-04-08,16:21:03,29.522,6.467,116.64,2.894,0.074,0.151,,,29.562,6.522,180.26,3.255
2023-04-08,16:21:13,29.526,6.461,117.02,2.892,0.074,0.151,,,29.57,6.523,180.15,3.269
2023-04-08,16:21:23,29.526,6.464,116.81,2.9,0.074,0.152,,,29.567,6.522,180.09,3.288
2023-04-08,16:21:33,29.527,6.462,117.01,2.892,0.075,0.152,,,29.566,6.524,179.98,3.263
2023-04-08,16:21:43,29.529,6.465,116.93,2.894,0.075,0.152,,,29.568,6.524,180.26,3.252
2023-04-08,16:21:53,29.535,6.469,116.7,2.9,0.075,0.153,,,29.576,6.524,180.17,3.267
2023-04-08,16:22:03,29.532,6.456,117.5,2.898,0.075,0.153,,,29.57,6.523,180.04,3.28
2023-04-08,16:22:13,29.535,6.458,117.39,2.906,0.075,0.153,,,29.569,6.523,180.41,3.268
2023-04-08,16:22:23,29.533,6.458,117.42,2.888,0.075,0.153,,,29.573,6.524,180.46,3.252
2023-04-08,16:22:33,29.532,6.46,117.32,2.886,0.075,0.153,,,29.573,6.524,180.49,3.282
2023-04-08,16:22:43,29.533,6.458,117.51,2.892,0.075,0.153,,,29.574,6.524,180.36,3.275
2023-04-08,16:22:53,29.536,6.46,117.4,2.902,0.075,0.153,,,29.576,6.526,180.5,3.272
2023-04-08,16:23:00,,,,,,,22.449562,91.86101,,,,
2023-04-08,16:23:03,29.535,6.461,117.31,2.895,0.075,0.153,,,29.568,6.526,180.54,3.279
2023-04-08,16:23:13,29.534,6.47,116.9,2.901,0.075,0.153,,,29.572,6.527,180.37,3.276
2023-04-08,16:23:23,29.536,6.472,116.76,2.904,0.075,0.153,,,29.58,6.527,180.59,3.281
2023-04-08,16:23:33,29.537,6.469,116.94,2.895,0.075,0.153,,,29.58,6.525,180.65,3.273
2023-04-08,16:23:43,29.54,6.47,116.89,2.903,0.075,0.153,,,29.579,6.525,180.78,3.292
2023-04-08,16:23:53,29.54,6.47,116.97,2.906,0.075,0.153,,,29.583,6.526,180.89,3.289
2023-04-08,16:24:03,29.543,6.473,116.8,2.89,0.075,0.153,,,29.581,6.526,180.77,3.301
2023-04-08,16:24:13,29.544,6.47,116.98,2.902,0.075,0.153,,,29.578,6.526,180.96,3.289
2023-04-08,16:24:23,29.542,6.469,117.09,2.899,0.075,0.153,,,29.582,6.526,181.04,3.274
2023-04-08,16:24:33,29.542,6.472,116.93,2.91,0.075,0.153,,,29.578,6.525,181.08,3.295
2023-04-08,16:24:43,29.538,6.475,116.74,2.894,0.075,0.153,,,29.579,6.526,180.98,3.307
2023-04-08,16:24:53,29.541,6.477,116.69,2.912,0.075,0.154,,,29.578,6.527,181.09,3.305
2023-04-08,16:25:00,,,,,,,22.448858,91.861585,,,,
2023-04-08,16:25:03,29.542,6.482,116.49,2.901,0.075,0.153,,,29.58,6.527,181.11,3.311
2023-04-08,16:25:13,29.539,6.475,116.79,2.902,0.075,0.154,,,29.582,6.527,181.25,3.314
2023-04-08,16:25:23,29.54,6.472,117.0,2.903,0.075,0.153,,,29.585,6.527,181.45,3.312
2023-04-08,16:25:33,29.538,6.473,117.1,2.89,0.076,0.154,,,29.59,6.526,181.41,3.31
2023-04-08,16:25:43,29.544,6.475,116.84,2.884,0.076,0.154,,,29.585,6.528,181.57,3.308
2023-04-08,16:25:53,29.543,6.476,116.78,2.907,0.076,0.154,,,29.587,6.528,181.35,3.301
2023-04-08,16:26:03,29.547,6.477,116.63,2.895,0.076,0.154,,,29.586,6.529,181.82,3.289
2023-04-08,16:26:13,29.547,6.476,117.03,2.915,0.076,0.154,,,29.585,6.524,182.06,3.288
2023-04-08,16:26:23,29.546,6.477,116.94,2.906,0.076,0.154,,,29.583,6.527,181.98,3.288
2023-04-08,16:26:33,29.545,6.475,117.01,2.902,0.076,0.154,,,29.582,6.526,182.14,3.303
2023-04-08,16:26:43,29.545,6.476,116.94,2.903,0.076,0.155,,,29.586,6.525,182.24,3.293
2023-04-08,16:26:53,29.545,6.472,117.15,2.899,0.076,0.155,,,29.588,6.526,182.2,3.267
2023-04-08,16:27:00,,,,,,,22.448063,91.862093,,,,
2023-04-08,16:27:03,29.547,6.479,116.76,2.895,0.076,0.155,,,29.589,6.526,182.47,3.298
2023-04-08,16:27:13,29.55,6.469,117.49,2.899,0.076,0.155,,,29.592,6.527,182.51,3.301
2023-04-08,16:27:23,29.55,6.475,117.13,2.9,0.076,0.156,,,29.59,6.528,182.52,3.299
2023-04-08,16:27:33,29.552,6.475,117.12,2.915,0.077,0.156,,,29.589,6.527,182.71,3.277
2023-04-08,16:27:43,29.552,6.481,116.85,2.912,0.076,0.156,,,29.589,6.528,182.81,3.279
2023-04-08,16:27:53,29.553,6.476,117.18,2.906,0.076,0.156,,,29.589,6.527,183.0,3.299
2023-04-08,16:28:03,29.552,6.471,117.44,2.904,0.076,0.156,,,29.588,6.527,183.05,3.299
2023-04-08,16:28:13,29.553,6.482,116.72,2.891,0.076,0.156,,,29.593,6.528,183.12,3.31
2023-04-08,16:28:23,29.556,6.475,117.29,2.892,0.077,0.156,,,29.592,6.528,183.2,3.275
2023-04-08,16:28:33,29.551,6.474,117.45,2.892,0.077,0.156,,,29.587,6.528,183.37,3.263
2023-04-08,16:28:43,29.554,6.473,117.55,2.903,0.077,0.156,,,29.592,6.527,183.42,3.282
2023-04-08,16:28:53,29.556,6.474,117.51,2.889,0.077,0.156,,,29.59,6.528,183.27,3.292
2023-04-08,16:29:00,,,,,,,22.447227,91.862627,,,,
2023-04-08,16:29:03,29.554,6.472,117.49,2.898,0.077,0.156,,,29.592,6.526,183.64,3.284
2023-04-08,16:29:13,29.553,6.479,117.04,2.897,0.077,0.156,,,29.589,6.527,183.52,3.276
2023-04-08,16:29:23,29.556,6.478,117.23,2.907,0.077,0.156,,,29.593,6.527,183.5,3.275
2023-04-08,16:29:33,29.556,6.475,117.43,2.894,0.077,0.156,,,29.593,6.527,183.76,3.285
2023-04-08,16:29:43,29.56,6.474,117.41,2.911,0.077,0.156,,,29.593,6.526,183.86,3.3
2023-04-08,16:29:53,29.559,6.472,117.69,2.884,0.077,0.156,,,29.592,6.528,183.92,3.305
2023-04-08,16:30:03,29.56,6.473,117.64,2.886,0.077,0.156,,,29.592,6.528,183.91,3.304
2023-04-08,16:30:13,29.562,6.473,117.72,2.908,0.077,0.156,,,29.594,6.528,184.05,3.302
2023-04-08,16:30:23,29.562,6.473,117.64,2.89,0.077,0.157,,,29.594,6.529,183.87,3.31
2023-04-08,16:30:33,29.56,6.479,117.36,2.895,0.077,0.157,,,29.591,6.528,183.94,3.286
2023-04-08,16:30:43,29.561,6.472,117.77,2.896,0.077,0.157,,,29.592,6.528,183.97,3.304
2023-04-08,16:30:53,29.56,6.472,117.71,2.902,0.077,0.157,,,29.591,6.53,183.9,3.305
2023-04-08,16:31:00,,,,,,,22.4464,91.8632,,,,
2023-04-08,16:31:03,29.562,6.47,117.95,2.917,0.077,0.157,,,29.588,6.534,183.54,3.327
2023-04-08,16:31:13,29.561,6.471,117.93,2.921,0.077,0.157,,,29.592,6.537,184.3,3.363
2023-04-08,16:31:23,29.562,6.473,117.81,2.897,0.077,0.157,,,29.59,6.534,184.47,3.359
2023-04-08,16:31:33,29.563,6.47,117.96,2.911,0.077,0.158,,,29.589,6.535,183.64,3.448
2023-04-08,16:31:43,29.561,6.466,118.34,2.895,0.078,0.158,,,29.589,6.537,184.37,3.412
2023-04-08,16:31:53,29.561,6.468,118.24,2.9,0.078,0.158,,,29.59,6.542,184.21,3.427
2023-04-08,16:32:03,29.563,6.469,118.09,2.909,0.078,0.158,,,29.591,6.54,183.63,3.414
2023-04-08,16:32:13,29.562,6.472,117.88,2.899,0.078,0.158,,,29.589,6.544,184.34,3.373
2023-04-08,16:32:23,29.563,6.472,117.95,2.912,0.078,0.158,,,29.586,6.547,184.14,3.31
2023-04-08,16:32:33,29.561,6.472,118.01,2.899,0.078,0.158,,,29.583,6.545,184.33,3.317
2023-04-08,16:32:43,29.562,6.471,118.02,2.906,0.078,0.158,,,29.588,6.549,184.15,3.325
2023-04-08,16:32:53,29.564,6.478,117.62,2.906,0.078,0.158,,,29.589,6.548,184.18,3.298
2023-04-08,16:33:00,,,,,,,22.44552,91.863828,,,,
2023-04-08,16:33:03,29.565,6.475,117.84,2.895,0.078,0.158,,,29.587,6.548,184.09,3.292
2023-04-08,16:33:13,29.562,6.475,117.86,2.898,0.078,0.159,,,29.588,6.548,184.77,3.333
2023-04-08,16:33:23,29.564,6.474,117.94,2.906,0.078,0.159,,,29.589,6.553,184.15,3.324
2023-04-08,16:33:33,29.565,6.477,117.74,2.903,0.078,0.158,,,29.589,6.553,184.14,3.341
2023-04-08,16:33:43,29.563,6.475,117.8,2.906,0.078,0.158,,,29.59,6.553,184.19,3.3
2023-04-08,16:33:53,29.568,6.472,118.06,2.906,0.078,0.159,,,29.589,6.552,184.24,3.307
2023-04-08,16:34:03,29.566,6.47,118.31,2.931,0.078,0.159,,,29.587,6.554,184.13,3.318
2023-04-08,16:34:13,29.564,6.468,118.41,2.903,0.078,0.159,,,29.592,6.556,184.22,3.321
2023-04-08,16:34:23,29.564,6.469,118.35,2.914,0.078,0.159,,,29.589,6.556,184.36,3.322
2023-04-08,16:34:33,29.567,6.475,117.91,2.884,0.078,0.159,,,29.593,6.554,184.3,3.305
2023-04-08,16:34:43,29.567,6.473,118.15,2.909,0.078,0.159,,,29.595,6.552,184.32,3.309
2023-04-08,16:34:53,29.568,6.471,118.3,2.91,0.078,0.159,,,29.597,6.553,184.31,3.326
2023-04-08,16:35:00,,,,,,,22.444482,91.864605,,,,
2023-04-08,16:35:03,29.569,6.471,118.3,2.907,0.078,0.16,,,29.592,6.553,184.31,3.313
2023-04-08,16:35:13,29.566,6.472,118.13,2.93,0.078,0.16,,,29.594,6.554,184.38,3.337
2023-04-08,16:35:23,29.57,6.473,118.18,2.92,0.079,0.16,,,29.593,6.552,184.45,3.311
2023-04-08,16:35:33,29.569,6.469,118.44,2.911,0.079,0.16,,,29.596,6.552,184.48,3.313
2023-04-08,16:35:43,29.569,6.476,118.06,2.909,0.079,0.16,,,29.597,6.552,184.52,3.318
2023-04-08,16:35:53,29.571,6.473,118.16,2.913,0.079,0.16,,,29.597,6.552,184.61,3.318
2023-04-08,16:36:03,29.569,6.473,118.24,2.907,0.079,0.16,,,29.594,6.551,184.59,3.305
2023-04-08,16:36:13,29.57,6.475,118.14,2.913,0.079,0.16,,,29.595,6.553,184.71,3.321
2023-04-08,16:36:23,29.571,6.474,118.23,2.905,0.079,0.16,,,29.595,6.552,184.84,3.311
2023-04-08,16:36:33,29.571,6.473,118.26,2.909,0.079,0.161,,,29.594,6.554,184.85,3.318
2023-04-08,16:36:43,29.571,6.475,118.19,2.906,0.079,0.161,,,29.592,6.553,184.96,3.325
2023-04-08,16:36:53,29.569,6.476,118.06,2.92,0.079,0.161,,,29.595,6.553,184.87,3.304
2023-04-08,16:37:00,,,,,,,22.443547,91.865282,,,,
2023-04-08,16:37:03,29.569,6.476,118.07,2.915,0.079,0.16,,,29.599,6.553,184.77,3.315
2023-04-08,16:37:13,29.574,6.474,118.12,2.911,0.079,0.161,,,29.601,6.553,184.79,3.326
2023-04-08,16:37:23,29.574,6.481,117.95,2.928,0.079,0.161,,,29.6,6.555,184.81,3.318
2023-04-08,16:37:33,29.574,6.478,118.1,2.9,0.079,0.161,,,29.6,6.555,184.77,3.313
2023-04-08,16:37:43,29.575,6.474,118.3,2.937,0.079,0.162,,,29.6,6.554,184.83,3.302
2023-04-08,16:37:53,29.574,6.473,118.35,2.906,0.08,0.162,,,29.6,6.554,184.8,3.302
