Date,Time,solar,precipitation,strikes,strikeDistance,windSpeed,windDirection,gustWindSpeed,airTemperature,Vapor pressure,atmosphericPressure,R.Humidity,sensorTemp,X orintation,Y orintation,compassHeading,SysCode,SysMessage
DD/MM/YYYY,hh:mm:ss,W/m2,mm,-,km,m/s,degree,m/s,deg.C,kPa,k/Pa,RH,deg.C,degree,degree,degree,,
DATE,TIME,P1,P2,P3,P4,P5,P6,P7,P8,P9,P10,P11,P12,P13,P14,P15,,
03/03/2025,05:00:04,324,0,0,0,0.53,167.7,0.53,30,1.83,100.97,0.43,32.9,-0.2,-1.6,0
03/03/2025,05:00:09,320,0,0,0,0.55,102.8,0.55,30.1,1.83,100.97,0.427,32.9,-0.3,-1.5,0
03/03/2025,05:00:14,315,0,0,0,0.17,340,0.17,30.2,1.83,100.97,0.425,32.9,0,-1.8,0
03/03/2025,05:00:19,313,0,0,0,0.6,222.1,0.6,30,1.83,100.97,0.43,32.9,-0.3,-1.5,0
03/03/2025,05:00:24,315,0,0,0,0.54,199.3,0.54,29.8,1.83,100.97,0.435,32.9,-0.2,-1.6,0
03/03/2025,05:00:27,,,,,,,,,,,,,,,,ERR,"FILE_SIZE;+CME ERROR: FTP read data error"
03/03/2025,05:00:27,,,,,,,,,,,,,,,,ERR,"FTP"
03/03/2025,05:00:29,316,0,0,0,0.74,113.2,0.74,29.8,1.82,100.97,0.435,32.9,-0.2,-1.7,0
03/03/2025,05:00:34,320,0,0,0,0.26,57.4,0.26,30,1.82,100.97,0.429,32.9,-0.5,-1.5,0
03/03/2025,05:00:35,,,,,,,,,,,,,,,,ERR,"SERVER_LOGIN;+CME ERROR: FTP already connected"
03/03/2025,05:00:35,,,,,,,,,,,,,,,,ERR,"FTP"
03/03/2025,05:00:39,322,0,0,0,0.37,106.1,0.37,30.1,1.83,100.97,0.429,32.9,-0.2,-1.5,0
03/03/2025,05:00:44,326,0,0,0,0.81,117.8,0.81,29.9,1.82,100.97,0.432,32.9,-0.3,-1.6,0
03/03/2025,05:00:49,,,,,,,,,,,,,,,,WDT,"SIM_DETECT"
03/03/2025,05:00:49,,,,,,,,,,,,,,,,ERR,"FTP"
03/03/2025,05:00:49,324,0,0,0,0.77,152.7,0.77,29.7,1.83,100.97,0.438,32.9,-0.2,-1.6,0
03/03/2025,05:00:54,334,0,0,0,0.42,150.8,0.42,29.9,1.83,100.97,0.433,32.9,-0.2,-1.3,0
03/03/2025,05:00:59,344,0,0,0,0.74,103.8,0.74,29.9,1.83,100.97,0.433,32.9,-0.1,-1.7,0
03/03/2025,05:01:04,329,0,0,0,1.22,107.1,1.22,29.8,1.82,100.97,0.436,32.9,-0.1,-1.7,0
03/03/2025,05:01:09,319,0,0,0,0.51,47.5,0.51,29.9,1.82,100.97,0.434,32.9,-0.4,-1.6,0
03/03/2025,05:01:14,305,0,0,0,0.82,29,0.82,29.9,1.82,100.97,0.432,32.9,-0.4,-1.5,0
03/03/2025,05:01:19,302,0,0,0,0.89,27.6,0.89,29.9,1.82,100.97,0.433,32.9,-0.3,-1.7,0
03/03/2025,05:01:24,296,0,0,0,0.37,352.5,0.37,30.1,1.82,100.97,0.427,32.9,-0.2,-1.5,0
03/03/2025,05:01:29,294,0,0,0,0.55,289.6,0.55,30.1,1.83,100.97,0.427,32.9,-0.3,-1.7,0
03/03/2025,05:01:34,293,0,0,0,0.17,248.4,0.17,30.1,1.83,100.97,0.427,32.9,-0.3,-1.4,0
03/03/2025,05:01:39,291,0,0,0,1.17,3.6,1.17,30.1,1.83,100.97,0.428,32.9,-0.4,-1.7,0
03/03/2025,05:01:44,291,0,0,0,0.25,78.5,0.25,29.9,1.83,100.97,0.432,32.9,-0.1,-1.4,0
03/03/2025,05:01:49,294,0,0,0,0.09,151.1,0.09,30.1,1.82,100.97,0.428,32.9,-0.2,-1.7,0
03/03/2025,05:01:54,289,0,0,0,0.57,268.9,0.57,30.4,1.82,100.97,0.419,32.9,-0.4,-1.6,0
03/03/2025,05:01:59,289,0,0,0,0.62,193.3,0.62,30.1,1.82,100.97,0.427,32.9,-0.3,-1.6,0
03/03/2025,05:02:04,289,0,0,0,0.7,194.4,0.7,30.2,1.82,100.97,0.424,32.9,-0.2,-1.7,0
03/03/2025,05:02:09,292,0,0,0,0.15,163,0.15,30.3,1.82,100.97,0.423,32.9,-0.3,-1.6,0
03/03/2025,05:02:14,302,0,0,0,0.16,149.3,0.16,30.5,1.82,100.97,0.418,32.9,-0.3,-1.4,0
03/03/2025,05:02:19,290,0,0,0,0.15,201.4,0.15,30.5,1.82,100.97,0.418,32.9,-0.3,-1.5,0
03/03/2025,05:02:24,290,0,0,0,0.67,266.6,0.67,30.5,1.82,100.97,0.418,32.9,-0.3,-1.6,0
03/03/2025,05:02:29,295,0,0,0,0.76,309.2,0.76,30.2,1.82,100.97,0.424,32.9,-0.1,-1.5,0
03/03/2025,05:02:34,303,0,0,0,0.39,358.6,0.39,30.2,1.83,100.97,0.426,32.9,-0.2,-1.7,0
03/03/2025,05:02:39,320,0,0,0,0.75,283.7,0.75,30,1.83,100.97,0.432,32.9,-0.4,-1.4,0
03/03/2025,05:02:44,324,0,0,0,0.15,258,0.15,30.1,1.83,100.97,0.43,32.9,-0.3,-1.8,0
03/03/2025,05:02:49,313,0,0,0,0.36,349.4,0.36,30.1,1.83,100.97,0.429,32.9,-0.1,-1.5,0
03/03/2025,05:02:54,285,0,0,0,0.44,35.8,0.44,30.2,1.83,100.97,0.426,32.9,0,-1.6,0
03/03/2025,05:02:59,282,0,0,0,0.31,34.7,0.31,29.9,1.82,100.97,0.431,32.9,-0.4,-1.5,0
03/03/2025,05:03:04,279,0,0,0,0.6,59.1,0.6,30.2,1.82,100.97,0.425,32.8,-0.3,-1.8,0
03/03/2025,05:03:09,278,0,0,0,0.33,126,0.33,30.3,1.82,100.97,0.423,32.9,-0.1,-1.5,0
03/03/2025,05:03:14,278,0,0,0,0.58,1.8,0.58,29.9,1.82,100.97,0.431,32.9,-0.4,-1.7,0
03/03/2025,05:03:19,278,0,0,0,0.44,337,0.44,29.8,1.82,100.97,0.434,32.8,-0.3,-1.3,0
03/03/2025,05:03:24,280,0,0,0,0.54,16.3,0.54,29.8,1.82,100.97,0.433,32.8,-0.3,-1.6,0
03/03/2025,05:03:29,282,0,0,0,0.19,296.7,0.19,30,1.82,100.97,0.428,32.8,-0.2,-1.5,0
03/03/2025,05:03:34,286,0,0,0,0.75,267,0.75,30,1.82,100.98,0.429,32.8,-0.6,-1.3,0
03/03/2025,05:03:39,331,0,0,0,0.37,294.6,0.37,30.1,1.82,100.97,0.427,32.8,-0.4,-1.6,0
03/03/2025,05:03:44,371,0,0,0,0.47,344.1,0.47,30.2,1.82,100.97,0.425,32.8,0,-1.6,0
03/03/2025,05:03:49,315,0,0,0,0.05,134.4,0.05,30.1,1.82,100.97,0.426,32.8,-0.3,-1.5,0
03/03/2025,05:03:54,294,0,0,0,1.01,18.6,1.01,29.8,1.82,100.97,0.434,32.8,-0.1,-1.7,0
03/03/2025,05:03:59,289,0,0,0,2.17,46.1,2.17,29.5,1.81,100.97,0.44,32.8,-0.2,-1.6,0
03/03/2025,05:04:04,288,0,0,0,0.83,271,0.83,29.8,1.81,100.97,0.431,32.8,-0.2,-1.5,0
03/03/2025,05:04:09,291,0,0,0,1.22,227.6,1.22,29.9,1.8,100.97,0.426,32.8,-0.2,-1.6,0
03/03/2025,05:04:14,294,0,0,0,0.99,241.9,0.99,29.7,1.8,100.97,0.432,32.8,-0.1,-1.5,0
03/03/2025,05:04:19,293,0,0,0,0.43,234.9,0.43,29.7,1.8,100.97,0.432,32.8,-0.2,-1.5,0
03/03/2025,05:04:24,296,0,0,0,0.2,71.5,0.2,30.2,1.8,100.97,0.42,32.8,-0.3,-1.6,0
03/03/2025,05:04:29,297,0,0,0,0.23,59.4,0.23,30.1,1.8,100.97,0.423,32.8,-0.4,-1.9,0
03/03/2025,05:04:34,299,0,0,0,0.14,154.5,0.14,30.2,1.8,100.97,0.421,32.8,-0.1,-1.3,0
03/03/2025,05:04:39,301,0,0,0,0.61,348.1,0.61,29.9,1.8,100.97,0.427,32.8,-0.4,-1.6,0
03/03/2025,05:04:44,302,0,0,0,0.5,59.5,0.5,30,1.8,100.97,0.425,32.8,-0.1,-1.5,0
03/03/2025,05:04:49,310,0,0,0,1.16,4.8,1.16,29.6,1.8,100.97,0.433,32.8,-0.3,-1.5,0
03/03/2025,05:04:54,307,0,0,0,0.48,219.7,0.48,29.9,1.8,100.97,0.427,32.8,-0.3,-1.6,0
03/03/2025,05:04:59,310,0,0,0,0.38,325.6,0.38,29.8,1.8,100.97,0.428,32.8,-0.2,-1.6,0
03/03/2025,05:05:04,309,0,0,0,0.66,284.7,0.66,29.7,1.8,100.97,0.432,32.8,-0.3,-1.6,0
03/03/2025,05:05:09,310,0,0,0,0.48,241.4,0.48,30,1.8,100.96,0.425,32.8,-0.3,-1.6,0
03/03/2025,05:05:14,305,0,0,0,0.35,352.7,0.35,30,1.81,100.97,0.427,32.8,-0.6,-1.1,0
03/03/2025,05:05:19,305,0,0,0,1.06,221.2,1.06,29.8,1.81,100.97,0.43,32.8,-0.3,-1.6,0
03/03/2025,05:05:24,306,0,0,0,0.54,357.5,0.54,30.2,1.81,100.97,0.421,32.8,-0.2,-1.6,0
03/03/2025,05:05:29,309,0,0,0,0.35,40.9,0.35,30,1.81,100.97,0.427,32.8,-0.2,-1.6,0
03/03/2025,05:05:34,333,0,0,0,0.66,353.7,0.66,29.6,1.8,100.97,0.436,32.8,-0.3,-1.7,0
03/03/2025,05:05:39,389,0,0,0,0.13,319.6,0.13,29.8,1.8,100.96,0.43,32.8,-0.5,-1.6,0
03/03/2025,05:05:44,391,0,0,0,0.14,323.8,0.14,29.6,1.8,100.96,0.434,32.8,-0.3,-1.6,0
03/03/2025,05:05:49,354,0,0,0,0.8,354.8,0.8,29.5,1.79,100.97,0.436,32.8,-0.2,-1.5,0
03/03/2025,05:05:54,362,0,0,0,0.13,321.1,0.13,29.4,1.79,100.96,0.436,32.8,-0.1,-1.5,0
03/03/2025,05:05:59,412,0,0,0,1.24,356.7,1.24,29.5,1.79,100.96,0.435,32.8,-0.1,-1.6,0
03/03/2025,05:06:04,429,0,0,0,0.3,345.6,0.3,29.4,1.79,100.97,0.438,32.8,-0.3,-1.7,0
03/03/2025,05:06:09,150,0,0,0,0.83,297.8,0.83,3.5,0.79,100.96,1,32.8,-0.2,-1.6,0
03/03/2025,05:06:14,280,0,0,0,0.89,345.5,0.89,17.2,1.79,100.96,0.913,32.8,-0.3,-1.6,0
03/03/2025,05:06:19,376,0,0,0,0.42,290.9,0.42,29.7,1.79,100.96,0.43,32.8,-0.4,-1.5,0
03/03/2025,05:06:24,404,0,0,0,0.8,208.8,0.8,29.7,1.79,100.96,0.429,32.8,-0.2,-1.5,0
03/03/2025,05:06:29,426,0,0,0,0.43,271.5,0.43,29.6,1.78,100.96,0.43,32.8,-0.3,-1.7,0
03/03/2025,05:06:34,439,0,0,0,0.84,294.8,0.84,29.6,1.78,100.96,0.43,32.8,-0.2,-1.6,0
03/03/2025,05:06:39,441,0,0,0,0.6,315.9,0.6,29.7,1.78,100.96,0.426,32.8,-0.2,-1.4,0
03/03/2025,05:06:44,441,0,0,0,0.59,127,0.59,30,1.78,100.96,0.419,32.8,-0.2,-1.7,0
03/03/2025,05:06:49,446,0,0,0,0.65,142.5,0.65,30.2,1.78,100.96,0.415,32.8,-0.3,-1.6,0
03/03/2025,05:06:54,441,0,0,0,0.57,266.9,0.57,30.2,1.78,100.96,0.413,32.8,-0.3,-1.5,0
03/03/2025,05:06:59,443,0,0,0,0.71,274.1,0.71,30.1,1.78,100.96,0.416,32.8,-0.4,-1.6,0
03/03/2025,05:07:04,458,0,0,0,0.46,265.7,0.46,29.9,1.78,100.96,0.421,32.8,-0.2,-1.7,0
03/03/2025,05:07:09,472,0,0,0,0.85,220.5,0.85,30,1.78,100.96,0.42,32.8,-0.4,-1.6,0
03/03/2025,05:07:14,475,0,0,0,0.91,221.6,0.91,29.9,1.78,100.95,0.422,32.8,-0.2,-1.6,0
03/03/2025,05:07:19,467,0,0,0,0.36,171.2,0.36,29.9,1.78,100.96,0.422,32.8,-0.3,-1.5,0
03/03/2025,05:07:24,461,0,0,0,0.51,232.3,0.51,30,1.78,100.96,0.419,32.8,-0.2,-1.6,0
03/03/2025,05:07:29,453,0,0,0,0.11,154.3,0.11,30.4,1.78,100.95,0.41,32.8,-0.3,-1.6,0
03/03/2025,05:07:34,442,0,0,0,0.73,154.5,0.73,30.2,1.78,100.96,0.414,32.8,-0.3,-1.6,0
03/03/2025,05:07:39,450,0,0,0,0.94,196.8,0.94,29.9,1.78,100.95,0.422,32.8,-0.2,-1.6,0
03/03/2025,05:07:44,447,0,0,0,0.7,209.1,0.7,29.9,1.78,100.96,0.424,32.8,-0.2,-1.6,0
03/03/2025,05:07:49,429,0,0,0,1.05,220.3,1.05,29.7,1.78,100.96,0.428,32.9,-0.3,-1.6,0
03/03/2025,05:07:54,455,0,0,0,1.39,113,1.39,29.8,1.79,100.96,0.425,32.9,-0.3,-1.6,0
03/03/2025,05:07:59,474,0,0,0,0.63,127.1,0.63,30.1,1.79,100.96,0.417,32.9,-0.4,-1.5,0
03/03/2025,05:08:04,471,0,0,0,0.27,144,0.27,30.2,1.79,100.96,0.416,32.9,-0.2,-1.6,0
03/03/2025,05:08:09,465,0,0,0,0.24,255.6,0.24,30.5,1.79,100.96,0.41,32.9,-0.2,-1.5,0
03/03/2025,05:08:14,463,0,0,0,0.37,225.7,0.37,30.5,1.79,100.96,0.41,32.9,-0.2,-1.4,0
03/03/2025,05:08:19,458,0,0,0,0.11,204.3,0.11,30.6,1.79,100.96,0.409,32.9,-0.2,-1.5,0
03/03/2025,05:08:24,469,0,0,0,0.12,134.7,0.12,30.5,1.8,100.96,0.411,32.9,-0.4,-1.5,0
03/03/2025,05:08:29,471,0,0,0,0.65,240.8,0.65,30.6,1.8,100.95,0.411,32.9,-0.3,-1.5,0
03/03/2025,05:08:34,486,0,0,0,1.02,267.9,1.02,30.2,1.8,100.95,0.42,32.9,-0.2,-1.5,0
03/03/2025,05:08:39,483,0,0,0,0.56,215.7,0.56,30.1,1.8,100.96,0.423,32.9,-0.2,-1.6,0
03/03/2025,05:08:44,479,0,0,0,0.33,320.9,0.33,30.1,1.8,100.96,0.422,32.9,-0.1,-1.6,0
03/03/2025,05:08:49,463,0,0,0,0.21,62.6,0.21,30.3,1.8,100.96,0.419,32.9,-0.3,-1.6,0
03/03/2025,05:08:54,425,0,0,0,0.47,274.4,0.47,30.3,1.8,100.96,0.419,32.9,-0.2,-1.6,0
03/03/2025,05:08:59,395,0,0,0,0.52,104.7,0.52,30.3,1.8,100.96,0.419,32.9,-0.4,-1.6,0
03/03/2025,05:09:04,424,0,0,0,0.41,346.3,0.41,30.2,1.81,100.96,0.421,32.9,-0.3,-1.6,0
03/03/2025,05:09:09,462,0,0,0,0.87,23.5,0.87,30.2,1.81,100.96,0.422,32.9,-0.3,-1.6,0
03/03/2025,05:09:14,473,0,0,0,0.44,312.8,0.44,30.2,1.81,100.96,0.422,32.9,-0.2,-1.6,0
03/03/2025,05:09:19,463,0,0,0,0.5,189.6,0.5,30.2,1.81,100.96,0.422,32.9,-0.2,-1.6,0
03/03/2025,05:09:24,463,0,0,0,1.11,199.4,1.11,30,1.81,100.96,0.427,32.9,-0.2,-1.6,0
03/03/2025,05:09:29,423,0,0,0,1.23,186.4,1.23,29.4,1.81,100.96,0.441,32.9,-0.3,-1.7,0
03/03/2025,05:09:34,347,0,0,0,1.87,190.5,1.87,29.1,1.81,100.96,0.447,32.9,-0.2,-1.6,0
03/03/2025,05:09:39,332,0,0,0,1.38,212.7,1.38,29.1,1.8,100.96,0.446,32.9,-0.3,-1.8,0
03/03/2025,05:09:44,332,0,0,0,0.67,215.7,0.67,29.5,1.79,100.95,0.435,32.9,-0.3,-1.6,0
03/03/2025,05:09:49,349,0,0,0,1.01,196.9,1.01,29.7,1.79,100.96,0.431,32.9,-0.2,-1.5,0
03/03/2025,05:09:54,345,0,0,0,0.59,170.5,0.59,30,1.79,100.96,0.423,32.9,-0.3,-1.7,0
03/03/2025,05:09:59,398,0,0,0,0.3,137.4,0.3,30.2,1.79,100.96,0.419,32.9,-0.2,-1.6,0
03/03/2025,05:10:04,416,0,0,0,0.51,115.7,0.51,30.1,1.79,100.95,0.42,32.9,-0.3,-1.5,0
03/03/2025,05:10:09,446,0,0,0,0.21,92.3,0.21,30.3,1.79,100.95,0.416,32.9,-0.1,-1.7,0
03/03/2025,05:10:14,468,0,0,0,0.32,22.5,0.32,30.3,1.8,100.96,0.416,32.9,-0.2,-1.4,0
03/03/2025,05:10:19,434,0,0,0,0.25,334.1,0.25,30.5,1.8,100.96,0.412,32.9,-0.3,-1.7,0
03/03/2025,05:10:24,470,0,0,0,0.23,281.8,0.23,30.3,1.8,100.96,0.417,32.9,-0.3,-1.6,0
03/03/2025,05:10:29,461,0,0,0,0.36,263.3,0.36,30.4,1.8,100.96,0.414,32.9,-0.2,-1.5,0
03/03/2025,05:10:34,462,0,0,0,0.24,263.8,0.24,30.4,1.8,100.96,0.416,32.9,-0.3,-1.7,0
03/03/2025,05:10:39,475,0,0,0,0.17,328,0.17,30.6,1.8,100.96,0.411,32.9,-0.2,-1.6,0
03/03/2025,05:10:44,468,0,0,0,0.16,235.3,0.16,30.5,1.8,100.96,0.414,32.9,-0.2,-1.4,0
03/03/2025,05:10:49,465,0,0,0,0.47,147.7,0.47,30.8,1.8,100.96,0.406,33,-0.4,-1.5,0
03/03/2025,05:10:54,476,0,0,0,0.56,203.7,0.56,30.7,1.81,100.96,0.41,33,-0.2,-1.6,0
03/03/2025,05:10:59,472,0,0,0,0.3,286.3,0.3,30.5,1.81,100.95,0.414,33,-0.2,-1.6,0
03/03/2025,05:11:04,462,0,0,0,0.84,258.7,0.84,30.4,1.81,100.96,0.418,33,-0.2,-1.7,0
03/03/2025,05:11:09,472,0,0,0,0.42,278.4,0.42,30.3,1.81,100.96,0.419,33,-0.2,-1.6,0
03/03/2025,05:11:14,485,0,0,0,0.11,175.8,0.11,30.4,1.81,100.95,0.418,33,-0.3,-1.5,0
03/03/2025,05:11:19,496,0,0,0,0.45,137.6,0.45,30.5,1.81,100.95,0.414,33,-0.4,-1.7,0
03/03/2025,05:11:24,496,0,0,0,0.63,90.5,0.63,30,1.81,100.95,0.426,33,-0.3,-1.5,0
03/03/2025,05:11:29,487,0,0,0,0.76,91.9,0.76,29.7,1.81,100.96,0.434,33,-0.5,-1.5,0
03/03/2025,05:11:34,481,0,0,0,0.08,151.7,0.08,30,1.81,100.95,0.427,33,-0.3,-1.5,0
03/03/2025,05:11:39,430,0,0,0,0.39,164.8,0.39,30.3,1.81,100.95,0.42,33,-0.2,-1.7,0
03/03/2025,05:11:44,462,0,0,0,0.25,137.5,0.25,30.2,1.81,100.96,0.422,33,-0.3,-1.5,0
03/03/2025,05:11:49,486,0,0,0,0.19,209.4,0.19,30.5,1.81,100.95,0.416,33,-0.3,-1.6,0
03/03/2025,05:11:54,487,0,0,0,0.05,348.1,0.05,30.5,1.82,100.96,0.416,33,-0.5,-1.5,0
03/03/2025,05:11:59,488,0,0,0,0.44,95.7,0.44,30.4,1.82,100.96,0.419,33,-0.3,-1.6,0
03/03/2025,05:12:04,488,0,0,0,0.54,107.2,0.54,30.2,1.82,100.95,0.424,33,-0.2,-1.5,0
03/03/2025,05:12:09,477,0,0,0,0.57,105.7,0.57,30,1.82,100.95,0.429,33,-0.3,-1.4,0
03/03/2025,05:12:14,483,0,0,0,0.92,116.7,0.92,29.7,1.81,100.95,0.435,33,-0.3,-1.6,0
03/03/2025,05:12:19,488,0,0,0,1.06,110.9,1.06,29.7,1.81,100.95,0.435,33,-0.3,-1.7,0
03/03/2025,05:12:24,495,0,0,0,0.53,216.7,0.53,29.9,1.81,100.95,0.428,33,-0.4,-1.5,0
03/03/2025,05:12:29,493,0,0,0,0.42,129.7,0.42,30.2,1.81,100.96,0.421,33,-0.1,-1.5,0
03/03/2025,05:12:34,473,0,0,0,0.14,297.8,0.14,30.3,1.81,100.95,0.419,33.1,-0.2,-1.5,0
03/03/2025,05:12:39,490,0,0,0,0.91,302.9,0.91,30,1.81,100.95,0.425,33.1,-0.2,-1.6,0
03/03/2025,05:12:44,458,0,0,0,0.14,197.6,0.14,30.2,1.8,100.95,0.42,33.1,-0.3,-1.5,0
03/03/2025,05:12:49,488,0,0,0,0.72,330.4,0.72,30.1,1.8,100.95,0.423,33.1,-0.3,-1.6,0
03/03/2025,05:12:54,359,0,0,0,0.33,5.1,0.33,29.7,1.8,100.96,0.432,33.1,-0.2,-1.4,0
03/03/2025,05:12:59,386,0,0,0,0.27,60.4,0.27,29.7,1.8,100.95,0.432,33.1,-0.3,-1.7,0
03/03/2025,05:13:04,375,0,0,0,1.27,253.6,1.27,29.7,1.8,100.96,0.431,33.1,-0.2,-1.6,0
03/03/2025,05:13:09,355,0,0,0,1.17,204.5,1.17,29.9,1.8,100.95,0.425,33.1,-0.2,-1.6,0
03/03/2025,05:13:14,296,0,0,0,1.06,198.6,1.06,29.6,1.8,100.95,0.434,33.1,-0.3,-1.7,0
03/03/2025,05:13:19,294,0,0,0,0.89,201.5,0.89,29.6,1.79,100.95,0.434,33.1,-0.2,-1.6,0
03/03/2025,05:13:24,294,0,0,0,0.41,228.1,0.41,29.8,1.79,100.95,0.428,33.1,-0.4,-1.6,0
03/03/2025,05:13:29,295,0,0,0,0.57,215,0.57,29.9,1.79,100.96,0.426,33.1,-0.3,-1.5,0
03/03/2025,05:13:34,376,0,0,0,0.08,308,0.08,30.1,1.79,100.95,0.42,33.1,-0.3,-1.7,0
03/03/2025,05:13:39,303,0,0,0,0.53,358.8,0.53,30.1,1.79,100.95,0.418,33.1,-0.2,-1.6,0
03/03/2025,05:13:44,373,0,0,0,1.37,358.1,1.37,29.9,1.79,100.95,0.424,33.1,-0.1,-1.6,0
03/03/2025,05:13:49,366,0,0,0,1.16,336.2,1.16,29.6,1.79,100.95,0.431,33.1,-0.2,-1.5,0
03/03/2025,05:13:54,292,0,0,0,0.85,343.7,0.85,29.5,1.79,100.95,0.434,33.1,-0.2,-1.6,0
03/03/2025,05:13:59,288,0,0,0,0.76,329.5,0.76,29.8,1.78,100.95,0.427,33.1,-0.4,-1.8,0
03/03/2025,05:14:04,286,0,0,0,0.36,18.4,0.36,29.9,1.78,100.95,0.423,33.1,-0.3,-1.4,0
03/03/2025,05:14:09,286,0,0,0,0.74,307.2,0.74,29.8,1.78,100.95,0.424,33.1,-0.4,-1.5,0
03/03/2025,05:14:14,412,0,0,0,0.53,280.5,0.53,29.9,1.78,100.95,0.423,33.1,-0.3,-1.6,0
03/03/2025,05:14:19,295,0,0,0,0.41,348.3,0.41,30,1.78,100.95,0.421,33.1,-0.3,-1.5,0
03/03/2025,05:14:24,368,0,0,0,0.5,279.6,0.5,30.2,1.79,100.95,0.417,33.1,-0.3,-1.6,0
03/03/2025,05:14:29,334,0,0,0,0.67,251.6,0.67,29.9,1.79,100.95,0.424,33.1,-0.4,-1.5,0
03/03/2025,05:14:34,361,0,0,0,0.29,91,0.29,30.3,1.79,100.95,0.414,33.1,-0.3,-1.5,0
03/03/2025,05:14:39,280,0,0,0,0.77,45.8,0.77,30.3,1.79,100.95,0.415,33.1,-0.2,-1.5,0
03/03/2025,05:14:44,322,0,0,0,0.92,75.6,0.92,30.1,1.79,100.95,0.42,33.1,-0.2,-1.4,0
03/03/2025,05:14:49,269,0,0,0,0.85,57.7,0.85,30.1,1.79,100.95,0.421,33.1,-0.2,-1.6,0
03/03/2025,05:14:54,266,0,0,0,0.32,340.1,0.32,30.2,1.79,100.95,0.418,33.1,-0.2,-1.6,0
03/03/2025,05:14:59,264,0,0,0,0.56,274.9,0.56,30.5,1.79,100.95,0.412,33.1,-0.1,-1.5,0
03/03/2025,05:15:04,263,0,0,0,0.46,228.7,0.46,30.6,1.79,100.95,0.408,33.1,-0.4,-1.7,0
03/03/2025,05:15:09,263,0,0,0,0.26,156.6,0.26,30.6,1.79,100.95,0.408,33.1,-0.3,-1.5,0
03/03/2025,05:15:14,298,0,0,0,0.86,152.1,0.86,30.4,1.8,100.95,0.413,33.1,-0.2,-1.5,0
03/03/2025,05:15:19,270,0,0,0,0.48,200.5,0.48,30.3,1.8,100.95,0.415,33.1,-0.3,-1.5,0
03/03/2025,05:15:24,257,0,0,0,0.49,188.7,0.49,30.2,1.8,100.95,0.418,33.1,-0.2,-1.6,0
03/03/2025,05:15:29,253,0,0,0,0.89,192.1,0.89,30.1,1.8,100.95,0.421,33.1,-0.3,-1.5,0
03/03/2025,05:15:34,251,0,0,0,0.42,234.3,0.42,30.4,1.8,100.95,0.415,33.1,-0.3,-1.6,0
03/03/2025,05:15:39,249,0,0,0,0.54,125.4,0.54,30.6,1.79,100.95,0.408,33.1,-0.2,-1.7,0
03/03/2025,05:15:44,247,0,0,0,0.51,26.8,0.51,30.5,1.79,100.95,0.411,33.1,-0.4,-1.6,0
03/03/2025,05:15:49,246,0,0,0,0.49,70.6,0.49,30.4,1.79,100.95,0.412,33.1,-0.2,-1.5,0
03/03/2025,05:15:54,272,0,0,0,0.53,87.4,0.53,30.5,1.8,100.95,0.412,33.1,-0.1,-1.5,0
03/03/2025,05:15:59,259,0,0,0,0.67,65.1,0.67,30.4,1.8,100.95,0.413,33.1,-0.2,-1.6,0
03/03/2025,05:16:04,291,0,0,0,0.02,253.4,0.02,30.7,1.8,100.95,0.408,33.1,-0.2,-1.4,0
03/03/2025,05:16:09,249,0,0,0,0.05,272.9,0.05,30.5,1.8,100.95,0.412,33.1,-0.3,-1.5,0
03/03/2025,05:16:14,238,0,0,0,0.29,354.3,0.29,30.3,1.8,100.95,0.417,33.1,-0.3,-1.6,0
03/03/2025,05:16:19,236,0,0,0,0.35,270.4,0.35,30.3,1.81,100.95,0.418,33.1,-0.3,-1.5,0
03/03/2025,05:16:24,239,0,0,0,0.52,318.2,0.52,30.4,1.81,100.95,0.418,33.1,-0.3,-1.8,0
03/03/2025,05:16:29,267,0,0,0,0.49,279,0.49,30.4,1.81,100.95,0.417,33.1,-0.2,-1.6,0
03/03/2025,05:16:34,239,0,0,0,0.72,108.1,0.72,30.5,1.81,100.95,0.414,33.1,-0.3,-1.5,0
03/03/2025,05:16:39,238,0,0,0,0.33,72.4,0.33,30.5,1.81,100.95,0.416,33.1,-0.2,-1.5,0
03/03/2025,05:16:44,231,0,0,0,0.71,171.5,0.71,30.6,1.81,100.95,0.411,33.1,-0.3,-1.7,0
03/03/2025,05:16:49,230,0,0,0,0.86,197.8,0.86,30.3,1.8,100.95,0.419,33.1,0.1,-1.9,0
03/03/2025,05:16:54,230,0,0,0,1.23,246.1,1.23,30.2,1.8,100.95,0.419,33.1,-0.3,-1.5,0
03/03/2025,05:16:59,231,0,0,0,0.72,7.9,0.72,30.7,1.8,100.95,0.408,33.1,-0.2,-1.7,0
03/03/2025,05:17:04,232,0,0,0,0.2,32.8,0.2,30.6,1.8,100.95,0.41,33.1,-0.2,-1.7,0
03/03/2025,05:17:09,235,0,0,0,0.12,313.9,0.12,30.3,1.8,100.95,0.416,33.1,-0.1,-1.4,0
03/03/2025,05:17:14,238,0,0,0,0.32,295.5,0.32,30.5,1.79,100.95,0.411,33.1,-0.4,-1.4,0
03/03/2025,05:17:19,242,0,0,0,0.75,212.1,0.75,30.3,1.79,100.95,0.415,33.1,-0.2,-1.7,0
03/03/2025,05:17:24,248,0,0,0,0.48,277.2,0.48,30.5,1.79,100.95,0.412,33.1,-0.3,-1.5,0
03/03/2025,05:17:29,289,0,0,0,0.44,223.3,0.44,30.7,1.79,100.95,0.407,33.1,-0.3,-1.6,0
03/03/2025,05:17:34,308,0,0,0,0.42,112,0.42,30.8,1.8,100.95,0.404,33.1,-0.3,-1.5,0
03/03/2025,05:17:39,324,0,0,0,0.44,108.9,0.44,30.4,1.8,100.94,0.413,33.1,-0.2,-1.6,0
03/03/2025,05:17:44,323,0,0,0,0.59,130.9,0.59,30.4,1.79,100.95,0.412,33.1,-0.3,-1.5,0
03/03/2025,05:17:49,315,0,0,0,0.46,113.2,0.46,30.7,1.79,100.95,0.407,33.1,-0.1,-1.7,0
03/03/2025,05:17:54,327,0,0,0,0.61,133.3,0.61,30.7,1.79,100.94,0.407,33.1,-0.2,-1.6,0
03/03/2025,05:17:59,298,0,0,0,0.7,141.2,0.7,30.5,1.79,100.94,0.412,33.1,-0.2,-1.5,0
03/03/2025,05:18:04,291,0,0,0,0.87,149.9,0.87,30.3,1.79,100.94,0.415,33.1,-0.3,-1.6,0
03/03/2025,05:18:09,300,0,0,0,0.85,149.2,0.85,30.2,1.79,100.94,0.418,33.1,-0.2,-1.6,0
03/03/2025,05:18:14,296,0,0,0,0.57,128.7,0.57,30.4,1.79,100.95,0.412,33.1,-0.4,-1.5,0
03/03/2025,05:18:19,55,0,0,0,0.52,183.7,0.52,-3.3,0.48,100.94,1,33.1,-0.3,-1.6,0
03/03/2025,05:18:24,315,0,0,0,1.2,192.1,1.2,30.1,1.79,100.95,0.421,33.1,-0.1,-1.6,0
03/03/2025,05:18:29,251,0,0,0,0.55,244.1,0.55,20.3,1.79,100.95,0.754,33.1,-0.1,-1.5,0
03/03/2025,05:18:34,371,0,0,0,0.86,305.9,0.86,30.1,1.8,100.94,0.421,33.1,-0.3,-1.6,0
03/03/2025,05:18:39,435,0,0,0,1.26,190.7,1.26,30,1.8,100.94,0.424,33.1,-0.2,-1.7,0
03/03/2025,05:18:44,465,0,0,0,0.98,184.9,0.98,29.8,1.8,100.94,0.429,33.1,-0.2,-1.5,0
03/03/2025,05:18:49,460,0,0,0,0.46,117.7,0.46,30.1,1.79,100.94,0.421,33.1,-0.3,-1.7,0
03/03/2025,05:18:54,451,0,0,0,1.31,106,1.31,30,1.79,100.94,0.422,33.1,-0.2,-1.6,0
03/03/2025,05:18:59,455,0,0,0,0.32,194,0.32,30.3,1.79,100.94,0.415,33.1,-0.3,-1.6,0
03/03/2025,05:19:04,453,0,0,0,0.35,303.8,0.35,30.5,1.79,100.94,0.409,33.1,-0.3,-1.6,0
03/03/2025,05:19:09,449,0,0,0,0.57,301.9,0.57,30.2,1.79,100.94,0.417,33.1,-0.2,-1.6,0
03/03/2025,05:19:14,452,0,0,0,0.24,292.5,0.24,30.2,1.79,100.94,0.416,33.1,-0.3,-1.7,0
03/03/2025,05:19:19,452,0,0,0,0.78,292.8,0.78,30.4,1.79,100.94,0.413,33.1,-0.3,-1.6,0
03/03/2025,05:19:24,406,0,0,0,0.99,230.6,0.99,30.1,1.8,100.95,0.422,33.1,-0.4,-1.6,0
03/03/2025,05:19:29,338,0,0,0,1.67,198.5,1.67,29.7,1.79,100.95,0.429,33.1,-0.3,-1.7,0
03/03/2025,05:19:34,391,0,0,0,0.58,119,0.58,30.2,1.79,100.95,0.418,33.1,-0.5,-1.6,0
03/03/2025,05:19:39,374,0,0,0,0.84,284.3,0.84,30,1.79,100.95,0.422,33.1,-0.2,-1.6,0
03/03/2025,05:19:44,389,0,0,0,0.84,354.8,0.84,29.9,1.79,100.95,0.424,33.1,-0.1,-1.6,0
03/03/2025,05:19:49,344,0,0,0,1.04,276.4,1.04,29.9,1.78,100.95,0.424,33.1,-0.3,-1.6,0
03/03/2025,05:19:54,429,0,0,0,0.69,313,0.69,29.8,1.78,100.95,0.425,33.1,-0.3,-1.5,0
03/03/2025,05:19:59,446,0,0,0,0.72,45.5,0.72,29.9,1.78,100.95,0.422,33.1,-0.3,-1.5,0
03/03/2025,05:20:04,428,0,0,0,0.72,356.7,0.72,29.7,1.78,100.94,0.428,33.1,-0.3,-1.6,0
03/03/2025,05:20:09,339,0,0,0,0.34,272.9,0.34,29.8,1.78,100.95,0.424,33.1,-0.2,-1.6,0
03/03/2025,05:20:14,371,0,0,0,1.22,212.6,1.22,29.9,1.78,100.94,0.421,33.1,-0.3,-1.6,0
03/03/2025,05:20:19,275,0,0,0,0.97,232.4,0.97,29.7,1.78,100.95,0.427,33.1,-0.3,-1.6,0
03/03/2025,05:20:24,265,0,0,0,0.75,265.4,0.75,29.8,1.77,100.95,0.423,33.1,-0.1,-1.5,0
03/03/2025,05:20:29,266,0,0,0,1.21,263.1,1.21,29.6,1.77,100.94,0.427,33.1,-0.3,-1.6,0
03/03/2025,05:20:34,318,0,0,0,0.64,302.9,0.64,29.9,1.77,100.94,0.421,33.1,-0.3,-1.5,0
03/03/2025,05:20:39,436,0,0,0,0.63,288.2,0.63,29.8,1.78,100.94,0.422,33.1,-0.2,-1.7,0
03/03/2025,05:20:44,444,0,0,0,0.44,12,0.44,30,1.78,100.95,0.42,33.1,-0.3,-1.5,0
03/03/2025,05:20:49,398,0,0,0,0.65,290.3,0.65,30.1,1.78,100.94,0.416,33.1,-0.2,-1.6,0
03/03/2025,05:20:54,286,0,0,0,0.75,268.5,0.75,30.1,1.78,100.95,0.418,33.1,-0.3,-1.6,0
03/03/2025,05:20:59,250,0,0,0,0.57,283.9,0.57,30.1,1.78,100.94,0.418,33.1,-0.2,-1.5,0
03/03/2025,05:21:04,245,0,0,0,1.04,235.3,1.04,29.8,1.78,100.95,0.424,33.1,-0.4,-1.6,0
03/03/2025,05:21:09,240,0,0,0,0.97,227.1,0.97,29.7,1.78,100.94,0.428,33.1,-0.3,-1.7,0
03/03/2025,05:21:14,242,0,0,0,0.9,152.7,0.9,29.9,1.78,100.95,0.422,33.1,-0.5,-1.7,0
03/03/2025,05:21:19,308,0,0,0,1.06,172.9,1.06,29.9,1.77,100.94,0.422,33.1,-0.3,-1.8,0
03/03/2025,05:21:24,248,0,0,0,0.7,155.6,0.7,30.1,1.77,100.94,0.417,33.1,-0.1,-1.5,0
03/03/2025,05:21:29,227,0,0,0,0.46,192.8,0.46,30.2,1.77,100.94,0.414,33.1,-0.2,-1.5,0
03/03/2025,05:21:34,221,0,0,0,0.65,150.1,0.65,30.3,1.77,100.94,0.41,33.1,-0.3,-1.6,0
03/03/2025,05:21:39,217,0,0,0,0.54,122.9,0.54,30.3,1.77,100.94,0.411,33.1,-0.3,-1.6,0
03/03/2025,05:21:44,214,0,0,0,0.51,134.4,0.51,30.3,1.77,100.95,0.411,33,-0.3,-1.6,0
03/03/2025,05:21:49,210,0,0,0,0.57,139.7,0.57,30.3,1.77,100.95,0.411,33,-0.2,-1.4,0
03/03/2025,05:21:54,207,0,0,0,0.55,140.6,0.55,30.2,1.77,100.95,0.412,33,-0.3,-1.6,0
03/03/2025,05:21:59,205,0,0,0,0.09,125.6,0.09,30.5,1.77,100.95,0.406,33,-0.1,-1.5,0
03/03/2025,05:22:04,202,0,0,0,0.29,68.4,0.29,30.8,1.77,100.95,0.399,33,-0.4,-1.6,0
03/03/2025,05:22:09,201,0,0,0,0.47,27.2,0.47,30.7,1.77,100.95,0.401,33,-0.4,-1.5,0
03/03/2025,05:22:14,199,0,0,0,0.34,36.8,0.34,30.7,1.78,100.95,0.402,33,-0.3,-1.6,0
03/03/2025,05:22:19,201,0,0,0,0.27,9.6,0.27,30.7,1.78,100.95,0.403,33,-0.2,-1.5,0
03/03/2025,05:22:24,206,0,0,0,0.7,353.3,0.7,30.2,1.78,100.95,0.414,33,-0.2,-1.7,0
03/03/2025,05:22:29,199,0,0,0,0.33,359.3,0.33,30.2,1.78,100.95,0.414,33,-0.4,-1.5,0
03/03/2025,05:22:34,193,0,0,0,1.19,342.2,1.19,30,1.78,100.95,0.42,33,-0.3,-1.6,0
03/03/2025,05:22:39,191,0,0,0,0.19,79.8,0.19,30,1.78,100.95,0.418,33,-0.3,-1.6,0
03/03/2025,05:22:44,190,0,0,0,1.22,22.4,1.22,30,1.77,100.95,0.419,33,-0.1,-1.5,0
03/03/2025,05:22:49,188,0,0,0,1.24,43.2,1.24,29.8,1.77,100.95,0.423,33,-0.4,-1.4,0
03/03/2025,05:22:54,186,0,0,0,0.45,67.3,0.45,30.1,1.77,100.95,0.416,33,-0.3,-1.6,0
03/03/2025,05:22:59,185,0,0,0,0.94,119.3,0.94,30.1,1.77,100.94,0.415,33,-0.3,-1.6,0
03/03/2025,05:23:04,184,0,0,0,1.43,220,1.43,30.3,1.77,100.95,0.412,33,-0.1,-1.5,0
03/03/2025,05:23:09,182,0,0,0,0.96,232.6,0.96,30.1,1.77,100.94,0.416,33,-0.2,-1.7,0
03/03/2025,05:23:14,181,0,0,0,0.8,228,0.8,30.3,1.77,100.94,0.411,33,-0.3,-1.7,0
03/03/2025,05:23:19,180,0,0,0,0.26,130,0.26,30.5,1.77,100.95,0.407,33,-0.2,-1.5,0
03/03/2025,05:23:24,179,0,0,0,1.53,42.4,1.53,30.2,1.77,100.94,0.413,33,-0.2,-1.6,0
03/03/2025,05:23:29,178,0,0,0,0.98,356.9,0.98,30.1,1.77,100.95,0.416,33,-0.2,-1.5,0
03/03/2025,05:23:34,177,0,0,0,1.93,30.8,1.93,30.1,1.77,100.95,0.415,33,-0.1,-1.7,0
03/03/2025,05:23:39,176,0,0,0,1.73,27.1,1.73,30.2,1.78,100.95,0.415,33,-0.2,-1.5,0
03/03/2025,05:23:44,175,0,0,0,0.38,270.2,0.38,30.1,1.78,100.95,0.417,33,-0.2,-1.6,0
03/03/2025,05:23:49,174,0,0,0,1.14,189.4,1.14,30.3,1.78,100.95,0.411,33,-0.3,-1.5,0
03/03/2025,05:23:54,174,0,0,0,0.76,255.1,0.76,30.3,1.78,100.95,0.412,33,-0.4,-1.6,0
03/03/2025,05:23:59,173,0,0,0,0.14,348.9,0.14,30.3,1.78,100.95,0.41,33,-0.3,-1.5,0
03/03/2025,05:24:04,172,0,0,0,0.88,196.7,0.88,30.3,1.77,100.95,0.412,32.9,-0.3,-1.6,0
03/03/2025,05:24:09,172,0,0,0,1.14,270.7,1.14,30.1,1.77,100.95,0.415,32.9,-0.3,-1.6,0
03/03/2025,05:24:14,171,0,0,0,0.22,202.6,0.22,30.3,1.77,100.94,0.41,32.9,-0.4,-1.6,0
03/03/2025,05:24:19,171,0,0,0,1.22,231.9,1.22,30,1.77,100.95,0.416,32.9,-0.3,-1.5,0
03/03/2025,05:24:24,171,0,0,0,2.32,225.4,2.32,30,1.76,100.95,0.417,32.9,-0.3,-1.6,0
03/03/2025,05:24:29,170,0,0,0,0.54,225.6,0.54,30.1,1.76,100.95,0.414,32.9,-0.4,-1.6,0
03/03/2025,05:24:34,170,0,0,0,1.19,212.2,1.19,30.1,1.76,100.95,0.412,32.9,-0.3,-1.6,0
03/03/2025,05:24:39,170,0,0,0,0.18,247,0.18,30.2,1.76,100.95,0.409,32.9,-0.4,-1.6,0
03/03/2025,05:24:44,170,0,0,0,0.2,289.5,0.2,30.3,1.76,100.95,0.409,32.9,-0.1,-1.7,0
03/03/2025,05:24:49,173,0,0,0,0.53,117,0.53,30.2,1.76,100.95,0.409,32.9,-0.3,-1.8,0
03/03/2025,05:24:54,170,0,0,0,0.3,100.6,0.3,30.4,1.76,100.94,0.406,32.9,-0.3,-1.5,0
03/03/2025,05:24:59,170,0,0,0,0.67,78.7,0.67,30.4,1.76,100.94,0.406,32.9,-0.3,-1.6,0
03/03/2025,05:25:04,170,0,0,0,0.92,51.2,0.92,30.2,1.76,100.94,0.411,32.9,-0.3,-1.7,0
03/03/2025,05:25:09,170,0,0,0,0.54,298.3,0.54,30.1,1.76,100.95,0.412,32.9,-0.3,-1.6,0
03/03/2025,05:25:14,170,0,0,0,0.61,328.8,0.61,30.4,1.76,100.94,0.405,32.9,-0.2,-1.6,0
03/03/2025,05:25:19,170,0,0,0,0.67,269.7,0.67,30.3,1.76,100.95,0.408,32.9,-0.2,-1.5,0
03/03/2025,05:25:24,171,0,0,0,0.42,250.4,0.42,30.4,1.76,100.95,0.405,32.9,-0.3,-1.6,0
03/03/2025,05:25:29,171,0,0,0,0.48,220.3,0.48,30.2,1.76,100.94,0.409,32.8,-0.3,-1.6,0
03/03/2025,05:25:34,172,0,0,0,0.6,290.9,0.6,30.1,1.76,100.95,0.41,32.8,-0.3,-1.6,0
03/03/2025,05:25:39,172,0,0,0,0.75,18,0.75,30.1,1.75,100.95,0.41,32.8,-0.3,-1.6,0
03/03/2025,05:25:44,173,0,0,0,0.33,279.4,0.33,30,1.75,100.95,0.412,32.8,-0.2,-1.5,0
03/03/2025,05:25:49,173,0,0,0,0.38,14.2,0.38,30.2,1.75,100.95,0.407,32.8,-0.2,-1.6,0
03/03/2025,05:25:54,174,0,0,0,0.44,350.9,0.44,30.3,1.75,100.94,0.405,32.8,-0.3,-1.4,0
03/03/2025,05:25:59,174,0,0,0,0.98,18.9,0.98,30.1,1.75,100.94,0.409,32.8,-0.3,-1.6,0
03/03/2025,05:26:04,175,0,0,0,0.95,348.1,0.95,30,1.75,100.94,0.412,32.8,-0.3,-1.4,0
03/03/2025,05:26:09,176,0,0,0,0.79,299.6,0.79,30,1.75,100.95,0.413,32.8,-0.3,-1.6,0
03/03/2025,05:26:14,176,0,0,0,0.81,338.4,0.81,30.1,1.75,100.95,0.41,32.8,-0.4,-1.7,0
03/03/2025,05:26:19,177,0,0,0,0.77,280.1,0.77,30.1,1.75,100.94,0.409,32.8,-0.2,-1.6,0
03/03/2025,05:26:24,178,0,0,0,0.86,208.8,0.86,30.2,1.75,100.94,0.407,32.8,-0.3,-1.6,0
03/03/2025,05:26:29,179,0,0,0,0.19,228.1,0.19,30.2,1.74,100.94,0.408,32.8,-0.3,-1.5,0
03/03/2025,05:26:34,180,0,0,0,1.54,258.3,1.54,29.8,1.74,100.94,0.416,32.8,-0.2,-1.5,0
03/03/2025,05:26:39,181,0,0,0,1.48,331.9,1.48,29.8,1.74,100.94,0.415,32.8,-0.2,-1.6,0
03/03/2025,05:26:44,182,0,0,0,1.58,260.6,1.58,29.9,1.74,100.94,0.413,32.8,-0.3,-1.6,0
03/03/2025,05:26:49,183,0,0,0,1.72,293.6,1.72,29.8,1.74,100.94,0.415,32.8,-0.2,-1.6,0
03/03/2025,05:26:54,184,0,0,0,0.47,327.8,0.47,30,1.74,100.94,0.408,32.8,-0.2,-1.6,0
03/03/2025,05:26:59,185,0,0,0,0.45,291.8,0.45,30.4,1.74,100.94,0.4,32.8,-0.2,-1.6,0
03/03/2025,05:27:04,186,0,0,0,0.64,236,0.64,30.4,1.74,100.94,0.4,32.8,-0.3,-1.5,0
03/03/2025,05:27:09,187,0,0,0,0.76,228.2,0.76,30.5,1.74,100.94,0.399,32.7,-0.2,-1.5,0
03/03/2025,05:27:14,189,0,0,0,1.14,201.1,1.14,30.2,1.74,100.94,0.406,32.7,-0.1,-1.6,0
03/03/2025,05:27:19,191,0,0,0,0.53,164.4,0.53,30.2,1.74,100.94,0.406,32.7,-0.2,-1.7,0
03/03/2025,05:27:24,194,0,0,0,0.6,180.9,0.6,30.2,1.74,100.94,0.405,32.7,-0.3,-1.5,0
03/03/2025,05:27:29,199,0,0,0,0.93,197.4,0.93,30.2,1.74,100.94,0.404,32.7,-0.1,-1.6,0
03/03/2025,05:27:34,371,0,0,0,0.56,343.6,0.56,30.2,1.74,100.94,0.406,32.7,-0.1,-1.5,0
03/03/2025,05:27:39,249,0,0,0,1.29,266.1,1.29,30,1.74,100.94,0.41,32.7,-0.1,-1.5,0
03/03/2025,05:27:44,229,0,0,0,1.37,269.8,1.37,29.8,1.74,100.94,0.415,32.7,-0.3,-1.5,0
03/03/2025,05:27:49,200,0,0,0,1.03,211.9,1.03,29.7,1.73,100.94,0.416,32.7,-0.4,-1.7,0
03/03/2025,05:27:54,197,0,0,0,0.93,212.2,0.93,30,1.73,100.94,0.409,32.7,-0.3,-1.6,0
03/03/2025,05:27:59,195,0,0,0,0.85,165,0.85,29.8,1.73,100.94,0.411,32.7,-0.3,-1.6,0
03/03/2025,05:28:04,194,0,0,0,0.84,168.8,0.84,29.8,1.72,100.93,0.412,32.7,-0.4,-1.6,0
03/03/2025,05:28:09,194,0,0,0,1.18,205.9,1.18,29.7,1.72,100.93,0.414,32.7,-0.3,-1.6,0
03/03/2025,05:28:14,194,0,0,0,0.68,210.6,0.68,29.7,1.72,100.93,0.413,32.7,-0.3,-1.4,0
03/03/2025,05:28:19,194,0,0,0,0.06,88.6,0.06,30,1.72,100.94,0.407,32.7,-0.3,-1.5,0
03/03/2025,05:28:24,194,0,0,0,0.41,121.4,0.41,30.1,1.72,100.93,0.402,32.7,-0.2,-1.7,0
03/03/2025,05:28:29,193,0,0,0,0.74,7.5,0.74,30,1.72,100.94,0.406,32.7,-0.2,-1.7,0
03/03/2025,05:28:34,194,0,0,0,0.79,84.3,0.79,30,1.72,100.94,0.406,32.7,-0.2,-1.4,0
03/03/2025,05:28:39,194,0,0,0,0.13,110.9,0.13,30.2,1.72,100.93,0.401,32.6,-0.4,-1.7,0
03/03/2025,05:28:44,194,0,0,0,0.65,192.4,0.65,30.2,1.72,100.93,0.402,32.6,-0.2,-1.7,0
03/03/2025,05:28:49,194,0,0,0,0.98,278,0.98,29.7,1.72,100.93,0.412,32.6,-0.1,-1.5,0
03/03/2025,05:28:54,194,0,0,0,0.75,7.1,0.75,29.7,1.72,100.93,0.413,32.6,-0.3,-1.4,0
03/03/2025,05:28:59,194,0,0,0,0.35,328.5,0.35,29.9,1.72,100.93,0.407,32.6,-0.4,-1.6,0
03/03/2025,05:29:04,195,0,0,0,0.54,221.3,0.54,30.1,1.72,100.93,0.404,32.6,-0.2,-1.7,0
03/03/2025,05:29:09,195,0,0,0,0.7,253.9,0.7,29.7,1.72,100.93,0.412,32.6,-0.1,-1.6,0
03/03/2025,05:29:14,196,0,0,0,1.97,287.6,1.97,29.6,1.72,100.93,0.415,32.6,-0.1,-1.6,0
03/03/2025,05:29:19,196,0,0,0,0.77,263,0.77,29.7,1.72,100.93,0.412,32.6,-0.2,-1.5,0
03/03/2025,05:29:24,215,0,0,0,0.45,255.4,0.45,30,1.72,100.93,0.405,32.6,-0.2,-1.4,0
03/03/2025,05:29:29,195,0,0,0,0.17,194.8,0.17,30.1,1.72,100.93,0.402,32.6,-0.4,-1.6,0
03/03/2025,05:29:34,194,0,0,0,0.28,140.8,0.28,30.4,1.72,100.93,0.396,32.6,-0.3,-1.6,0
03/03/2025,05:29:39,193,0,0,0,0.1,113.5,0.1,30.5,1.72,100.93,0.396,32.6,-0.3,-1.6,0
03/03/2025,05:29:44,193,0,0,0,0.39,152.3,0.39,30.5,1.73,100.93,0.396,32.6,-0.4,-1.6,0
03/03/2025,05:29:49,192,0,0,0,0.37,210.3,0.37,30.4,1.73,100.93,0.399,32.6,-0.2,-1.7,0
03/03/2025,05:29:54,192,0,0,0,0.26,163.1,0.26,30.6,1.73,100.93,0.395,32.6,-0.3,-1.6,0
03/03/2025,05:29:59,191,0,0,0,0.73,144.5,0.73,30.3,1.73,100.93,0.401,32.6,-0.2,-1.5,0
03/03/2025,05:30:04,191,0,0,0,0.5,173.9,0.5,30.3,1.73,100.93,0.402,32.6,-0.3,-1.6,0
03/03/2025,05:30:09,191,0,0,0,0.48,90.8,0.48,30.3,1.74,100.93,0.402,32.6,-0.1,-1.6,0
03/03/2025,05:30:14,191,0,0,0,0.35,76.4,0.35,30.2,1.74,100.93,0.404,32.6,-0.4,-1.7,0
03/03/2025,05:30:15,,,,,,,,,,,,,,,,CFG_MENU,"Operation suspended"
03/03/2025,05:34:13,,,,,,,,,,,,,,,,CFG_MENU,"Operation resumed"
03/03/2025,05:34:13,,,,,,,,,,,,,,,
03/03/2025,05:34:13,,,,,,,,,,,,,,,,ERR,"FILE_SIZE;+CME ERROR: FTP read data error"
03/03/2025,05:34:13,,,,,,,,,,,,,,,,ERR,"FTP"
03/03/2025,05:34:19,203,0,0,0,0.85,215.2,0.85,30.2,0.61,100.93,1,32.3,-0.2,-1.6,0
03/03/2025,05:34:19,,,,,,,,,,,,,,,,ERR,"SERVER_LOGIN;+CME ERROR: FTP already connected"
03/03/2025,05:34:19,,,,,,,,,,,,,,,,ERR,"FTP"
03/03/2025,05:34:24,204,0,0,0,0.39,174.1,0.39,30,1.69,100.93,0.397,32.3,-0.3,-1.5,0
03/03/2025,05:34:29,205,0,0,0,0.58,205.5,0.58,29.9,1.69,100.93,0.4,32.3,-0.3,-1.5,0
03/03/2025,05:34:34,206,0,0,0,0.85,163.7,0.85,30,1.69,100.93,0.398,32.2,-0.4,-1.5,0
03/03/2025,05:34:39,209,0,0,0,0.77,132.4,0.77,30,1.69,100.93,0.397,32.2,-0.2,-1.5,0
03/03/2025,05:34:44,208,0,0,0,0.28,138.1,0.28,30.1,1.69,100.93,0.396,32.2,-0.3,-1.6,0
03/03/2025,05:34:49,209,0,0,0,0.57,171.9,0.57,30.1,1.69,100.93,0.394,32.2,-0.3,-1.6,0
03/03/2025,05:34:54,210,0,0,0,0.28,212.7,0.28,30.1,1.69,100.93,0.396,32.2,-0.2,-1.6,0
03/03/2025,05:34:59,211,0,0,0,0.97,211.8,0.97,30,1.68,100.93,0.398,32.2,-0.3,-1.7,0
03/03/2025,05:35:04,212,0,0,0,1.13,194.4,1.13,29.7,1.68,100.93,0.404,32.2,-0.3,-1.5,0
03/03/2025,05:35:09,213,0,0,0,0.97,184.4,0.97,29.8,1.68,100.93,0.402,32.2,-0.2,-1.6,0
03/03/2025,05:35:14,215,0,0,0,0.45,40.7,0.45,30.1,1.68,100.93,0.395,32.2,-0.2,-1.7,0
03/03/2025,05:35:19,215,0,0,0,0.59,98.9,0.59,29.9,1.68,100.93,0.399,32.2,-0.2,-1.6,0
03/03/2025,05:35:24,217,0,0,0,0.25,341,0.25,30,1.68,100.93,0.396,32.2,-0.3,-1.6,0
03/03/2025,05:35:29,219,0,0,0,1.11,106.3,1.11,29.8,1.68,100.93,0.4,32.2,-0.3,-1.6,0
03/03/2025,05:35:34,222,0,0,0,0.47,90.9,0.49,29.7,1.68,100.93,0.403,32.2,-0.3,-1.5,0
03/03/2025,05:35:39,259,0,0,0,1.18,97.6,1.18,29.6,1.68,100.93,0.406,32.2,-0.2,-1.6,0
03/03/2025,05:35:44,235,0,0,0,1.24,75.8,1.24,29.5,1.68,100.93,0.408,32.2,-0.3,-1.6,0
03/03/2025,05:35:49,278,0,0,0,0.61,95.9,0.61,29.6,1.68,100.93,0.405,32.2,-0.2,-1.5,0
03/03/2025,05:35:54,265,0,0,0,0.64,68,0.64,29.8,1.68,100.93,0.4,32.2,-0.2,-1.7,0
03/03/2025,05:35:59,229,0,0,0,1.29,47.9,1.29,29.7,1.68,100.92,0.403,32.2,-0.4,-1.3,0
03/03/2025,05:36:04,230,0,0,0,0.58,1,0.58,29.7,1.68,100.93,0.402,32.2,-0.3,-1.8,0
03/03/2025,05:36:09,231,0,0,0,1,331.5,1,29.9,1.68,100.93,0.399,32.2,-0.3,-1.5,0
03/03/2025,05:36:14,233,0,0,0,0.84,4.3,0.84,29.6,1.68,100.93,0.406,32.2,-0.3,-1.5,0
03/03/2025,05:36:19,236,0,0,0,0.29,349.2,0.29,29.7,1.68,100.93,0.402,32.2,-0.2,-1.6,0
03/03/2025,05:36:24,240,0,0,0,0.99,283.6,0.99,29.6,1.68,100.93,0.405,32.2,-0.2,-1.6,0
03/03/2025,05:36:29,241,0,0,0,0.46,198.9,0.46,29.8,1.68,100.93,0.399,32.2,-0.4,-1.5,0
03/03/2025,05:36:34,243,0,0,0,0.49,307.2,0.49,29.7,1.68,100.92,0.401,32.2,-0.3,-1.7,0
03/03/2025,05:36:39,247,0,0,0,0.66,352.1,0.66,29.6,1.68,100.92,0.405,32.2,-0.4,-1.5,0
03/03/2025,05:36:44,251,0,0,0,0.86,354.6,0.86,29.5,1.67,100.92,0.407,32.2,-0.2,-1.7,0
03/03/2025,05:36:49,255,0,0,0,0.51,339.4,0.51,29.5,1.67,100.92,0.406,32.2,-0.5,-1.7,0
03/03/2025,05:36:54,306,0,0,0,0.83,289.8,0.83,29.4,1.67,100.92,0.408,32.2,-0.1,-1.1,0
03/03/2025,05:36:59,268,0,0,0,1.23,234.8,1.23,29.4,1.67,100.92,0.407,32.2,-0.2,-1.6,0
03/03/2025,05:37:04,259,0,0,0,0.93,260.1,0.93,29.6,1.67,100.92,0.404,32.2,-0.3,-1.6,0
03/03/2025,05:37:09,264,0,0,0,1.14,240.8,1.14,29.8,1.67,100.93,0.399,32.2,-0.3,-1.6,0
03/03/2025,05:37:14,311,0,0,0,0.9,264.2,0.9,29.8,1.67,100.92,0.398,32.2,-0.3,-1.5,0
03/03/2025,05:37:19,318,0,0,0,1.05,247.5,1.05,30,1.67,100.92,0.393,32.2,-0.3,-1.6,0
03/03/2025,05:37:24,336,0,0,0,0.98,254.4,0.98,29.9,1.67,100.92,0.397,32.2,-0.3,-1.5,0
03/03/2025,05:37:29,399,0,0,0,1,287.6,1,30.1,1.67,100.92,0.392,32.2,-0.4,-1.7,0
03/03/2025,05:37:34,357,0,0,0,0.88,271.7,0.88,30.1,1.67,100.92,0.393,32.2,-0.2,-1.6,0
03/03/2025,05:37:39,120,0,0,0,0.35,184.4,0.35,2.8,0.75,100.92,1,32.2,-0.2,-1.5,0
03/03/2025,05:37:44,173,0,0,0,0.43,141.1,0.43,15.4,1.68,100.92,0.961,32.2,-0.4,-1.6,0
03/03/2025,05:37:49,263,0,0,0,0.92,129.2,0.92,29.8,1.68,100.92,0.399,32.2,-0.3,-1.5,0
03/03/2025,05:37:54,260,0,0,0,0.52,62.8,0.52,29.8,1.68,100.92,0.401,32.2,-0.2,-1.6,0
03/03/2025,05:37:59,260,0,0,0,0.77,125.5,0.77,29.6,1.68,100.92,0.404,32.1,-0.3,-1.5,0
03/03/2025,05:38:04,271,0,0,0,0.65,157.8,0.65,29.6,1.68,100.92,0.403,32.1,-0.4,-1.6,0
03/03/2025,05:38:09,270,0,0,0,0.74,133.5,0.74,29.8,1.68,100.92,0.4,32.1,-0.3,-1.5,0
03/03/2025,05:38:14,282,0,0,0,0.93,130.5,0.93,29.7,1.68,100.92,0.402,32.1,-0.3,-1.7,0
03/03/2025,05:38:19,264,0,0,0,1.26,145.9,1.26,29.6,1.68,100.92,0.403,32.1,-0.2,-1.6,0
03/03/2025,05:38:24,275,0,0,0,0.58,150.8,0.58,29.5,1.68,100.92,0.407,32.1,-0.3,-1.7,0
03/03/2025,05:38:29,283,0,0,0,0.62,106.4,0.62,29.7,1.68,100.92,0.402,32.1,-0.3,-1.5,0
03/03/2025,05:38:34,311,0,0,0,0.63,94,0.63,29.8,1.68,100.92,0.399,32.1,-0.2,-1.6,0
03/03/2025,05:38:39,272,0,0,0,0.38,157.8,0.38,30,1.68,100.92,0.395,32.1,-0.2,-1.5,0
03/03/2025,05:38:44,271,0,0,0,0.39,151.5,0.39,30.2,1.68,100.92,0.391,32.1,-0.2,-1.6,0
03/03/2025,05:38:49,271,0,0,0,0.4,196.8,0.4,30.3,1.68,100.92,0.388,32.1,-0.2,-1.5,0
03/03/2025,05:38:54,273,0,0,0,0.51,192.7,0.51,30.1,1.68,100.91,0.393,32.1,-0.3,-1.5,0
03/03/2025,05:38:59,278,0,0,0,0.36,256.5,0.36,30,1.68,100.92,0.395,32.1,-0.2,-1.6,0
03/03/2025,05:39:04,322,0,0,0,0.52,106.7,0.52,29.9,1.68,100.92,0.398,32.1,-0.2,-1.6,0
03/03/2025,05:39:09,343,0,0,0,0.21,17,0.21,29.8,1.68,100.91,0.401,32.1,-0.3,-1.5,0
03/03/2025,05:39:14,341,0,0,0,0.08,26.7,0.08,29.8,1.68,100.92,0.4,32.1,-0.2,-1.6,0
03/03/2025,05:39:19,493,0,0,0,0.61,87.3,0.61,29.8,1.68,100.91,0.4,32.1,-0.2,-1.5,0
03/03/2025,05:39:24,496,0,0,0,0.34,40.1,0.34,29.9,1.68,100.91,0.399,32.1,-0.1,-1.6,0
03/03/2025,05:39:29,441,0,0,0,1.16,8.7,1.16,29.7,1.68,100.92,0.403,32.1,-0.2,-1.6,0
03/03/2025,05:39:34,319,0,0,0,0.05,350.8,0.05,29.6,1.68,100.91,0.406,32.1,-0.1,-1.7,0
03/03/2025,05:39:39,519,0,0,0,0.71,257.9,0.71,29.5,1.68,100.91,0.406,32.1,-0.4,-1.7,0
03/03/2025,05:39:44,522,0,0,0,0.7,237.2,0.7,29.5,1.67,100.91,0.406,32.1,-0.4,-1.5,0
03/03/2025,05:39:49,441,0,0,0,0.67,231.5,0.67,29.7,1.67,100.91,0.402,32.1,-0.4,-1.5,0
03/03/2025,05:39:54,401,0,0,0,0.27,132.7,0.27,29.5,1.67,100.92,0.406,32.1,-0.3,-1.5,0
03/03/2025,05:39:59,437,0,0,0,0.24,181.3,0.24,29.5,1.67,100.92,0.406,32.1,-0.3,-1.6,0
03/03/2025,05:40:04,429,0,0,0,0.81,351.1,0.81,29.4,1.67,100.91,0.409,32.1,-0.3,-1.6,0
03/03/2025,05:40:09,523,0,0,0,0.33,43.2,0.33,29.3,1.67,100.91,0.411,32.2,-0.2,-1.6,0
03/03/2025,05:40:14,534,0,0,0,1.23,252.1,1.23,29.2,1.67,100.91,0.412,32.2,-0.3,-1.6,0
03/03/2025,05:40:19,536,0,0,0,1.29,329.9,1.29,29.5,1.67,100.91,0.405,32.2,-0.2,-1.7,0
03/03/2025,05:40:24,538,0,0,0,1.54,28,1.54,29.4,1.67,100.91,0.408,32.2,-0.3,-1.5,0
03/03/2025,05:40:29,556,0,0,0,0.82,332.9,0.82,29.5,1.67,100.91,0.405,32.2,-0.2,-1.5,0
03/03/2025,05:40:34,551,0,0,0,0.81,354.9,0.81,29.3,1.67,100.91,0.41,32.2,-0.3,-1.6,0
03/03/2025,05:40:39,548,0,0,0,0.69,356.2,0.69,29.4,1.67,100.91,0.408,32.2,-0.2,-1.5,0
03/03/2025,05:40:44,546,0,0,0,0.12,180.2,0.12,29.7,1.67,100.91,0.401,32.2,-0.4,-1.6,0
03/03/2025,05:40:49,551,0,0,0,0.61,304,0.61,29.7,1.67,100.91,0.402,32.2,-0.3,-1.5,0
03/03/2025,05:40:54,529,0,0,0,0.55,332.9,0.55,29.8,1.67,100.91,0.399,32.2,-0.4,-1.6,0
03/03/2025,05:40:59,553,0,0,0,0.53,29.7,0.53,29.6,1.67,100.91,0.404,32.2,-0.1,-1.6,0
03/03/2025,05:41:04,561,0,0,0,0.89,334.2,0.89,29.4,1.67,100.91,0.408,32.2,-0.3,-1.5,0
03/03/2025,05:41:09,528,0,0,0,1.18,259.2,1.18,29.4,1.67,100.91,0.409,32.2,-0.2,-1.5,0
03/03/2025,05:41:14,497,0,0,0,0.98,252,0.98,29.7,1.67,100.91,0.402,32.2,-0.2,-1.6,0
03/03/2025,05:41:19,550,0,0,0,1.28,323,1.28,29.5,1.68,100.91,0.408,32.2,-0.2,-1.8,0
03/03/2025,05:41:24,551,0,0,0,0.58,337.4,0.58,29.6,1.68,100.91,0.404,32.2,-0.4,-1.6,0
03/03/2025,05:41:29,526,0,0,0,0.5,174.3,0.5,29.8,1.68,100.91,0.4,32.2,-0.3,-1.7,0
03/03/2025,05:41:34,522,0,0,0,1.24,336.9,1.24,29.6,1.67,100.91,0.403,32.2,-0.2,-1.6,0
03/03/2025,05:41:39,536,0,0,0,0.41,178.7,0.41,29.7,1.67,100.91,0.401,32.2,-0.3,-1.6,0
03/03/2025,05:41:44,521,0,0,0,0.4,218.8,0.4,30,1.67,100.91,0.394,32.2,-0.4,-1.7,0
03/03/2025,05:41:49,536,0,0,0,0.24,247.5,0.24,30,1.67,100.91,0.393,32.2,-0.3,-1.5,0
03/03/2025,05:41:54,529,0,0,0,0.36,238.2,0.36,30.1,1.67,100.91,0.392,32.2,-0.2,-1.5,0
03/03/2025,05:41:59,501,0,0,0,0.18,193.8,0.18,30,1.67,100.91,0.394,32.2,-0.3,-1.6,0
03/03/2025,05:42:04,412,0,0,0,0.55,268.2,0.55,29.7,1.67,100.91,0.402,32.2,-0.3,-1.7,0
03/03/2025,05:42:09,359,0,0,0,0.57,254.1,0.57,29.4,1.67,100.91,0.408,32.2,-0.2,-1.6,0
03/03/2025,05:42:14,338,0,0,0,0.44,248.6,0.44,29.7,1.67,100.91,0.401,32.2,-0.2,-1.5,0
03/03/2025,05:42:19,365,0,0,0,0.28,199.8,0.28,29.8,1.67,100.91,0.4,32.2,-0.1,-1.6,0
03/03/2025,05:42:24,396,0,0,0,0.16,157,0.16,30.1,1.67,100.91,0.392,32.2,-0.3,-1.5,0
03/03/2025,05:42:29,440,0,0,0,0.14,91.4,0.14,30,1.68,100.91,0.395,32.2,-0.4,-1.6,0
03/03/2025,05:42:34,436,0,0,0,0.45,321.7,0.45,29.9,1.68,100.91,0.397,32.2,-0.3,-1.6,0
03/03/2025,05:42:39,420,0,0,0,0.27,313.7,0.27,29.8,1.68,100.91,0.401,32.2,-0.3,-1.6,0
03/03/2025,05:42:44,382,0,0,0,0.44,146.7,0.44,29.8,1.68,100.91,0.401,32.2,-0.3,-1.6,0
03/03/2025,05:42:49,316,0,0,0,0.35,38.5,0.35,29.6,1.68,100.91,0.405,32.2,-0.3,-1.6,0
03/03/2025,05:42:54,312,0,0,0,0.58,238.1,0.58,29.8,1.68,100.91,0.401,32.2,-0.5,-1.5,0
03/03/2025,05:42:59,285,0,0,0,0.23,302.1,0.23,29.9,1.68,100.91,0.398,32.2,-0.3,-1.6,0
03/03/2025,05:43:04,283,0,0,0,0.68,178.9,0.68,30,1.68,100.91,0.397,32.2,-0.3,-1.6,0
03/03/2025,05:43:09,314,0,0,0,0.21,108.1,0.21,29.9,1.68,100.91,0.398,32.2,-0.2,-1.5,0
03/03/2025,05:43:14,291,0,0,0,0.71,339.4,0.71,29.5,1.68,100.91,0.409,32.2,-0.3,-1.6,0
03/03/2025,05:43:19,347,0,0,0,1,45.4,1,29.5,1.68,100.91,0.409,32.2,-0.2,-1.5,0
03/03/2025,05:43:24,346,0,0,0,0.8,36,0.8,29.6,1.68,100.91,0.406,32.2,-0.2,-1.5,0
03/03/2025,05:43:29,393,0,0,0,0.29,179.8,0.29,29.9,1.68,100.91,0.399,32.2,-0.3,-1.6,0
03/03/2025,05:43:34,354,0,0,0,0.37,199.9,0.37,30,1.68,100.91,0.396,32.2,-0.2,-1.5,0
03/03/2025,05:43:39,327,0,0,0,0.93,241.1,0.93,29.9,1.68,100.91,0.4,32.2,-0.2,-1.6,0
03/03/2025,05:43:44,320,0,0,0,0.93,182.1,0.93,29.7,1.68,100.91,0.403,32.2,-0.2,-1.4,0
03/03/2025,05:43:49,326,0,0,0,1.11,190.5,1.11,29.5,1.68,100.9,0.407,32.2,-0.4,-1.5,0
03/03/2025,05:43:54,333,0,0,0,0.83,166.5,0.83,29.4,1.68,100.9,0.41,32.2,-0.2,-1.6,0
03/03/2025,05:43:59,339,0,0,0,0.47,174,0.47,29.6,1.68,100.91,0.406,32.2,-0.3,-1.6,0
03/03/2025,05:44:04,338,0,0,0,0.67,165.1,0.67,29.7,1.68,100.91,0.403,32.2,-0.3,-1.6,0
03/03/2025,05:44:09,326,0,0,0,0.53,104.7,0.53,29.7,1.68,100.91,0.404,32.2,-0.4,-1.6,0
03/03/2025,05:44:14,360,0,0,0,0.33,85.9,0.33,29.9,1.68,100.91,0.4,32.2,-0.1,-1.4,0
03/03/2025,05:44:19,366,0,0,0,0.74,49.2,0.74,30,1.68,100.91,0.398,32.3,-0.2,-1.4,0
03/03/2025,05:44:24,407,0,0,0,0.59,56.2,0.59,29.9,1.69,100.9,0.4,32.3,-0.2,-1.6,0
03/03/2025,05:44:29,323,0,0,0,0.72,61.4,0.72,29.9,1.69,100.91,0.4,32.3,-0.3,-1.7,0
03/03/2025,05:44:34,357,0,0,0,0.8,16.3,0.8,29.5,1.68,100.9,0.409,32.3,-0.2,-1.6,0
03/03/2025,05:44:39,329,0,0,0,0.12,173.7,0.12,29.5,1.68,100.91,0.408,32.3,-0.2,-1.6,0
03/03/2025,05:44:44,318,0,0,0,0.76,74.6,0.76,29.5,1.68,100.9,0.408,32.3,-0.4,-1.7,0
03/03/2025,05:44:49,326,0,0,0,1.18,15.2,1.18,29.5,1.68,100.9,0.409,32.3,-0.2,-1.5,0
03/03/2025,05:44:54,361,0,0,0,0.56,54.2,0.56,29.5,1.68,100.91,0.408,32.3,-0.3,-1.5,0
03/03/2025,05:44:59,415,0,0,0,0.56,160.2,0.56,29.4,1.68,100.9,0.41,32.3,0,-1.5,0
03/03/2025,05:45:04,336,0,0,0,0.52,325.7,0.52,29.5,1.68,100.91,0.408,32.3,-0.3,-1.6,0
03/03/2025,05:45:09,334,0,0,0,0.32,149.9,0.32,29.8,1.68,100.9,0.402,32.3,-0.3,-1.5,0
03/03/2025,05:45:14,350,0,0,0,0.86,75.9,0.86,29.8,1.68,100.9,0.4,32.3,-0.3,-1.6,0
03/03/2025,05:45:19,404,0,0,0,0.75,62.5,0.75,29.5,1.68,100.9,0.407,32.3,-0.3,-1.5,0
03/03/2025,05:45:24,456,0,0,0,1.03,11.7,1.03,29.5,1.68,100.91,0.407,32.3,-0.1,-1.8,0
03/03/2025,05:45:29,457,0,0,0,0.11,10.3,0.11,29.6,1.68,100.9,0.404,32.3,-0.2,-1.5,0
03/03/2025,05:45:34,353,0,0,0,1.19,351.3,1.19,29.7,1.68,100.91,0.402,32.3,-0.3,-1.7,0
03/03/2025,05:45:39,289,0,0,0,1.23,347.3,1.23,29.3,1.68,100.91,0.412,32.3,-0.3,-1.5,0
03/03/2025,05:45:44,284,0,0,0,1.19,284.2,1.19,29.3,1.67,100.91,0.412,32.3,-0.2,-1.5,0
03/03/2025,05:45:49,287,0,0,0,2.01,336.4,2.01,29.2,1.67,100.9,0.414,32.3,-0.2,-1.6,0
03/03/2025,05:45:54,282,0,0,0,0.83,1.6,0.83,29.4,1.67,100.9,0.408,32.3,-0.3,-1.6,0
03/03/2025,05:45:59,310,0,0,0,0.52,187.9,0.52,29.6,1.67,100.9,0.404,32.3,-0.2,-1.4,0
03/03/2025,05:46:04,360,0,0,0,1.42,27,1.42,29.5,1.67,100.9,0.405,32.3,-0.1,-1.7,0
03/03/2025,05:46:09,435,0,0,0,0.59,6,0.59,29.5,1.67,100.9,0.406,32.3,-0.4,-1.5,0
03/03/2025,05:46:14,332,0,0,0,1.46,19.6,1.46,29.5,1.67,100.9,0.405,32.3,-0.2,-1.6,0
03/03/2025,05:46:19,276,0,0,0,0.45,291.1,0.45,29.7,1.67,100.91,0.401,32.3,-0.3,-1.5,0
03/03/2025,05:46:24,278,0,0,0,1.25,13.5,1.25,29.6,1.67,100.9,0.403,32.3,-0.1,-1.6,0
03/03/2025,05:46:29,274,0,0,0,0.61,319.7,0.61,29.6,1.68,100.9,0.403,32.3,-0.4,-1.6,0
03/03/2025,05:46:34,277,0,0,0,0.5,216.7,0.5,29.8,1.68,100.9,0.399,32.3,-0.2,-1.5,0
03/03/2025,05:46:39,275,0,0,0,1.16,206.9,1.16,29.8,1.68,100.9,0.4,32.3,-0.3,-1.5,0
03/03/2025,05:46:44,277,0,0,0,1.36,191.5,1.36,29.5,1.68,100.9,0.406,32.3,-0.3,-1.6,0
03/03/2025,05:46:49,277,0,0,0,0.86,239.5,0.86,29.6,1.68,100.9,0.404,32.3,-0.2,-1.6,0
03/03/2025,05:46:54,294,0,0,0,0.92,175.7,0.92,29.5,1.68,100.9,0.407,32.3,-0.3,-1.6,0
03/03/2025,05:46:59,384,0,0,0,0.67,190.7,0.67,29.6,1.67,100.9,0.403,32.3,-0.2,-1.6,0
03/03/2025,05:47:04,316,0,0,0,0.63,216.8,0.63,29.6,1.67,100.9,0.403,32.3,-0.4,-1.6,0
03/03/2025,05:47:09,298,0,0,0,0.84,182.4,0.84,29.6,1.67,100.9,0.402,32.3,-0.1,-1.6,0
03/03/2025,05:47:14,298,0,0,0,0.72,181.2,0.72,29.4,1.67,100.9,0.408,32.3,-0.3,-1.6,0
03/03/2025,05:47:19,387,0,0,0,0.78,215.7,0.78,29.6,1.67,100.9,0.403,32.3,-0.1,-1.6,0
03/03/2025,05:47:24,339,0,0,0,0.14,10.6,0.14,29.6,1.67,100.9,0.403,32.3,-0.2,-1.6,0
03/03/2025,05:47:29,436,0,0,0,0.26,205.6,0.26,29.8,1.68,100.9,0.399,32.3,-0.2,-1.6,0
03/03/2025,05:47:34,514,0,0,0,0.42,154,0.42,30.1,1.68,100.89,0.393,32.3,-0.2,-1.5,0
03/03/2025,05:47:39,514,0,0,0,0.77,218.1,0.77,29.9,1.68,100.9,0.398,32.3,-0.2,-1.7,0
03/03/2025,05:47:44,431,0,0,0,0.34,344.9,0.34,29.9,1.68,100.9,0.399,32.3,-0.2,-1.7,0
03/03/2025,05:47:49,493,0,0,0,0.36,339.6,0.36,29.8,1.68,100.9,0.401,32.3,-0.3,-1.5,0
03/03/2025,05:47:54,523,0,0,0,0.44,90.7,0.44,29.9,1.68,100.9,0.399,32.3,-0.2,-1.5,0
03/03/2025,05:47:59,522,0,0,0,0.56,205.8,0.56,29.9,1.68,100.9,0.398,32.3,-0.3,-1.6,0
03/03/2025,05:48:04,529,0,0,0,0.29,259.9,0.29,30,1.68,100.89,0.397,32.3,-0.2,-1.6,0
03/03/2025,05:48:09,504,0,0,0,0.74,243.2,0.74,29.6,1.69,100.9,0.406,32.3,-0.1,-1.6,0
03/03/2025,05:48:14,520,0,0,0,0.46,115.3,0.46,29.8,1.69,100.89,0.402,32.3,-0.2,-1.5,0
03/03/2025,05:48:19,511,0,0,0,1.35,76,1.35,29.4,1.68,100.9,0.411,32.3,-0.3,-1.5,0
03/03/2025,05:48:24,503,0,0,0,0.09,75.1,0.09,29.6,1.68,100.89,0.406,32.3,-0.2,-1.6,0
03/03/2025,05:48:29,509,0,0,0,0.97,117.1,0.97,29.7,1.68,100.89,0.403,32.3,-0.2,-1.5,0
03/03/2025,05:48:34,,,,,,,,,,,,,,,,ERR,"FTP"
03/03/2025,05:48:34,508,0,0,0,1.39,110.1,1.39,29.2,1.68,100.89,0.414,32.3,-0.3,-1.6,0
03/03/2025,05:48:39,500,0,0,0,0.5,75.2,0.5,29.4,1.68,100.89,0.41,32.3,-0.3,-1.6,0
03/03/2025,05:48:40,,,,,,,,,,,,,,,,ERR,"SERVER_LOGIN;+CME ERROR: FTP already connected"
03/03/2025,05:48:40,,,,,,,,,,,,,,,,ERR,"FTP"
03/03/2025,05:48:44,522,0,0,0,0.77,137.7,0.77,29.5,1.68,100.89,0.408,32.3,-0.2,-1.5,0
03/03/2025,05:48:49,524,0,0,0,0.59,221.6,0.59,29.8,1.68,100.89,0.401,32.3,-0.2,-1.7,0
03/03/2025,05:48:54,530,0,0,0,1.02,68.1,1.02,29.4,1.68,100.89,0.41,32.3,-0.3,-1.8,0
03/03/2025,05:48:59,533,0,0,0,0.94,87.4,0.94,29.6,1.68,100.89,0.404,32.3,-0.3,-1.5,0
03/03/2025,05:49:04,531,0,0,0,1.17,351.5,1.17,29.7,1.68,100.89,0.403,32.3,-0.3,-1.6,0
03/03/2025,05:49:09,525,0,0,0,0.64,64.9,0.64,29.6,1.68,100.89,0.405,32.3,-0.2,-1.5,0
03/03/2025,05:49:14,524,0,0,0,0.68,336.5,0.68,29.8,1.68,100.89,0.401,32.3,-0.1,-1.5,0
03/03/2025,05:49:19,526,0,0,0,1.1,64.4,1.1,29.6,1.68,100.89,0.405,32.3,-0.2,-1.5,0
03/03/2025,05:49:24,521,0,0,0,1.41,340.2,1.41,29.5,1.68,100.89,0.408,32.3,-0.2,-1.6,0
03/03/2025,05:49:29,520,0,0,0,0.96,72.1,0.96,29.5,1.68,100.89,0.409,32.3,-0.3,-1.7,0
03/03/2025,05:49:34,521,0,0,0,0.6,36.8,0.6,29.7,1.68,100.89,0.403,32.3,-0.1,-1.6,0
03/03/2025,05:49:39,522,0,0,0,0.35,150.9,0.35,30,1.68,100.89,0.397,32.3,-0.2,-1.6,0
03/03/2025,05:49:44,521,0,0,0,0.44,358.2,0.44,30,1.68,100.89,0.397,32.3,-0.2,-1.5,0
03/03/2025,05:49:49,520,0,0,0,1.29,328.6,1.29,29.5,1.69,100.89,0.41,32.4,-0.1,-1.7,0
03/03/2025,05:49:54,516,0,0,0,0.78,315.1,0.78,29.4,1.68,100.88,0.411,32.4,-0.2,-1.5,0
03/03/2025,05:49:59,511,0,0,0,1.67,10.5,1.67,29.6,1.68,100.89,0.406,32.4,-0.3,-1.7,0
03/03/2025,05:50:04,511,0,0,0,0.34,134.2,0.34,29.8,1.68,100.89,0.402,32.4,-0.2,-1.7,0
03/03/2025,05:50:09,516,0,0,0,1,129,1,29.7,1.68,100.88,0.403,32.4,-0.3,-1.5,0
03/03/2025,05:50:14,515,0,0,0,0.56,181.9,0.56,29.9,1.68,100.88,0.399,32.4,-0.2,-1.5,0
03/03/2025,05:50:19,508,0,0,0,0.77,103.7,0.77,29.6,1.68,100.88,0.404,32.4,-0.2,-1.6,0
03/03/2025,05:50:24,504,0,0,0,0.26,244.6,0.26,29.8,1.68,100.89,0.4,32.4,-0.1,-1.6,0
03/03/2025,05:50:29,505,0,0,0,0.4,120.3,0.4,29.8,1.68,100.89,0.399,32.4,-0.4,-1.6,0
03/03/2025,05:50:34,506,0,0,0,1.05,9.9,1.05,29.6,1.68,100.89,0.404,32.4,-0.1,-1.6,0
03/03/2025,05:50:39,506,0,0,0,0.36,61.9,0.36,29.4,1.68,100.89,0.408,32.4,-0.4,-1.6,0
03/03/2025,05:50:44,503,0,0,0,0.84,146.5,0.84,29.8,1.68,100.88,0.401,32.4,-0.2,-1.5,0
03/03/2025,05:50:49,506,0,0,0,0.09,359.4,0.09,29.7,1.68,100.89,0.402,32.4,-0.2,-1.4,0
03/03/2025,05:50:54,515,0,0,0,0.31,122.3,0.31,29.9,1.68,100.89,0.398,32.4,-0.3,-1.5,0
03/03/2025,05:50:59,520,0,0,0,0.43,160.2,0.43,30.1,1.68,100.89,0.394,32.4,-0.2,-1.6,0
03/03/2025,05:51:04,517,0,0,0,0.83,305.1,0.83,29.9,1.68,100.89,0.4,32.4,-0.3,-1.6,0
03/03/2025,05:51:09,519,0,0,0,0.52,292.5,0.52,29.6,1.68,100.88,0.405,32.4,-0.3,-1.7,0
03/03/2025,05:51:14,516,0,0,0,0.21,176.7,0.21,29.6,1.68,100.89,0.405,32.4,-0.1,-1.6,0
03/03/2025,05:51:19,523,0,0,0,0.91,323.8,0.91,29.6,1.68,100.88,0.406,32.4,-0.1,-1.5,0
03/03/2025,05:51:24,525,0,0,0,0.19,56.6,0.19,29.4,1.68,100.88,0.41,32.4,-0.2,-1.6,0
03/03/2025,05:51:29,529,0,0,0,0.27,338.7,0.27,29.5,1.68,100.88,0.407,32.4,-0.3,-1.4,0
03/03/2025,05:51:34,530,0,0,0,0.25,14.5,0.25,29.7,1.68,100.88,0.403,32.4,-0.2,-1.6,0
03/03/2025,05:51:39,532,0,0,0,0.18,273,0.18,29.8,1.68,100.88,0.4,32.4,-0.2,-1.8,0
03/03/2025,05:51:44,532,0,0,0,0.35,256.5,0.35,29.8,1.68,100.88,0.402,32.4,-0.2,-1.5,0
03/03/2025,05:51:49,529,0,0,0,0.27,250.8,0.3,29.7,1.68,100.89,0.404,32.4,-0.3,-1.6,0
03/03/2025,05:51:54,525,0,0,0,0.12,241.8,0.12,29.9,1.68,100.89,0.399,32.4,-0.2,-1.6,0
03/03/2025,05:51:59,526,0,0,0,0.64,0.2,0.64,29.6,1.69,100.88,0.407,32.4,-0.3,-1.7,0
03/03/2025,05:52:04,528,0,0,0,0.43,316.9,0.43,29.7,1.69,100.88,0.406,32.4,-0.2,-1.6,0
03/03/2025,05:52:09,529,0,0,0,0.19,327.1,0.19,29.7,1.69,100.88,0.405,32.4,-0.2,-1.7,0
03/03/2025,05:52:14,527,0,0,0,0.19,112.8,0.19,29.9,1.69,100.88,0.401,32.4,-0.3,-1.5,0
03/03/2025,05:52:19,523,0,0,0,0.66,136.6,0.66,29.7,1.69,100.88,0.404,32.4,-0.3,-1.5,0
03/03/2025,05:52:24,519,0,0,0,0.92,76.7,0.92,29.5,1.69,100.88,0.409,32.5,-0.2,-1.6,0
03/03/2025,05:52:29,521,0,0,0,0.2,325.8,0.2,29.9,1.69,100.89,0.402,32.5,-0.2,-1.6,0
03/03/2025,05:52:34,521,0,0,0,0.94,11.9,0.94,29.7,1.69,100.89,0.405,32.5,-0.2,-1.5,0
03/03/2025,05:52:39,519,0,0,0,1.19,23,1.19,29.8,1.69,100.89,0.404,32.5,-0.3,-1.6,0
03/03/2025,05:52:44,519,0,0,0,0.98,35.2,0.98,29.7,1.69,100.88,0.405,32.5,-0.1,-1.6,0
03/03/2025,05:52:49,521,0,0,0,0.73,61.7,0.73,29.9,1.69,100.88,0.401,32.5,-0.2,-1.6,0
03/03/2025,05:52:54,520,0,0,0,0.45,100.5,0.45,30,1.69,100.89,0.399,32.5,-0.3,-1.5,0
03/03/2025,05:52:59,525,0,0,0,0.47,334.9,0.47,30.1,1.69,100.88,0.396,32.5,-0.2,-1.4,0
03/03/2025,05:53:04,524,0,0,0,0.32,281.9,0.32,30.1,1.69,100.88,0.398,32.5,-0.1,-1.4,0
03/03/2025,05:53:09,521,0,0,0,0.45,45,0.45,29.9,1.7,100.88,0.402,32.5,-0.3,-1.5,0
03/03/2025,05:53:14,530,0,0,0,0.34,63.4,0.34,29.6,1.69,100.88,0.408,32.5,-0.3,-1.6,0
03/03/2025,05:53:19,535,0,0,0,0.63,150.6,0.63,29.9,1.69,100.88,0.402,32.5,-0.2,-1.5,0
03/03/2025,05:53:24,534,0,0,0,0.58,147.5,0.58,29.6,1.69,100.88,0.409,32.5,-0.1,-1.6,0
03/03/2025,05:53:29,534,0,0,0,0.28,84,0.28,30,1.69,100.88,0.4,32.5,-0.3,-1.5,0
03/03/2025,05:53:34,532,0,0,0,0.43,133.2,0.43,29.5,1.69,100.88,0.411,32.5,-0.3,-1.6,0
03/03/2025,05:53:39,58,0,0,0,0.24,251.7,0.24,-8.3,0.33,100.88,1,32.5,-0.4,-1.7,0
03/03/2025,05:53:44,241,0,0,0,0.25,192.3,0.25,8.5,1.11,100.89,1,32.5,-0.1,-1.8,0
03/03/2025,05:53:49,489,0,0,0,0.67,163.8,0.67,27.6,1.69,100.88,0.459,32.5,-0.4,-1.5,0
03/03/2025,05:53:54,522,0,0,0,1.07,165.9,1.07,29.6,1.69,100.88,0.407,32.5,-0.2,-1.6,0
03/03/2025,05:53:59,525,0,0,0,0.88,138.8,0.88,29.8,1.69,100.89,0.402,32.5,-0.3,-1.6,0
03/03/2025,05:54:04,523,0,0,0,0.8,124.4,0.8,29.7,1.69,100.88,0.407,32.5,-0.2,-1.7,0
03/03/2025,05:54:09,523,0,0,0,1.15,77.9,1.15,29.8,1.69,100.88,0.402,32.5,-0.2,-1.5,0
03/03/2025,05:54:14,524,0,0,0,0.59,90,0.59,29.8,1.69,100.88,0.404,32.5,-0.2,-1.7,0
03/03/2025,05:54:19,525,0,0,0,0.44,97.9,0.44,29.9,1.69,100.88,0.401,32.5,-0.2,-1.5,0
03/03/2025,05:54:24,523,0,0,0,0.57,112.5,0.57,29.8,1.69,100.89,0.402,32.5,-0.2,-1.5,0
03/03/2025,05:54:29,528,0,0,0,0.49,169.2,0.49,29.9,1.69,100.88,0.401,32.5,-0.3,-1.7,0
03/03/2025,05:54:34,525,0,0,0,0.69,69.4,0.69,30.1,1.69,100.88,0.398,32.6,-0.2,-1.5,0
03/03/2025,05:54:39,526,0,0,0,0.66,317.8,0.66,30,1.69,100.88,0.4,32.6,-0.2,-1.7,0
03/03/2025,05:54:44,525,0,0,0,0.49,296.7,0.49,29.9,1.69,100.88,0.401,32.6,-0.4,-1.7,0
03/03/2025,05:54:49,526,0,0,0,0.2,34,0.2,29.9,1.69,100.88,0.402,32.6,-0.2,-1.6,0
03/03/2025,05:54:54,523,0,0,0,0.82,244,0.82,29.9,1.69,100.89,0.401,32.6,-0.1,-1.5,0
03/03/2025,05:54:59,521,0,0,0,0.43,293.7,0.43,30,1.69,100.88,0.4,32.6,-0.2,-1.6,0
03/03/2025,05:55:04,519,0,0,0,0.18,186.1,0.18,30.1,1.69,100.88,0.396,32.6,-0.3,-1.6,0
03/03/2025,05:55:09,524,0,0,0,0.39,105.7,0.39,30.1,1.69,100.88,0.398,32.6,-0.3,-1.8,0
03/03/2025,05:55:14,513,0,0,0,0.62,60.7,0.62,29.8,1.69,100.88,0.403,32.6,-0.1,-1.6,0
03/03/2025,05:55:19,505,0,0,0,1.3,64,1.3,29.6,1.69,100.88,0.408,32.6,-0.1,-1.5,0
03/03/2025,05:55:24,499,0,0,0,1.2,86.3,1.2,29.3,1.69,100.88,0.413,32.6,-0.2,-1.4,0
03/03/2025,05:55:29,497,0,0,0,0.67,90.9,0.67,29.4,1.69,100.88,0.411,32.6,-0.1,-1.7,0
03/03/2025,05:55:34,491,0,0,0,0.56,79.3,0.56,29.5,1.69,100.88,0.409,32.6,-0.2,-1.5,0
03/03/2025,05:55:39,458,0,0,0,0.31,188.1,0.31,29.9,1.68,100.88,0.4,32.6,-0.3,-1.6,0
03/03/2025,05:55:44,426,0,0,0,0.34,189.2,0.34,30,1.68,100.88,0.396,32.6,-0.4,-1.6,0
03/03/2025,05:55:49,379,0,0,0,0.67,170,0.67,29.9,1.68,100.88,0.398,32.6,-0.3,-1.5,0
03/03/2025,05:55:54,354,0,0,0,0.81,164,0.81,29.7,1.68,100.88,0.403,32.6,-0.4,-1.6,0
03/03/2025,05:55:59,366,0,0,0,0.34,179.6,0.34,29.5,1.68,100.88,0.407,32.6,-0.3,-1.5,0
03/03/2025,05:56:04,387,0,0,0,0.5,185.8,0.5,29.6,1.68,100.88,0.405,32.6,-0.3,-1.6,0
03/03/2025,05:56:09,378,0,0,0,0.26,100.7,0.26,29.7,1.68,100.88,0.402,32.6,-0.2,-1.7,0
03/03/2025,05:56:14,424,0,0,0,0.22,351.9,0.22,29.8,1.68,100.88,0.4,32.6,-0.3,-1.7,0
03/03/2025,05:56:19,407,0,0,0,0.31,96,0.31,29.9,1.68,100.88,0.398,32.6,-0.3,-1.7,0
03/03/2025,05:56:24,410,0,0,0,0.12,45.8,0.12,30,1.68,100.88,0.395,32.6,-0.2,-1.7,0
03/03/2025,05:56:29,465,0,0,0,0.37,152.4,0.37,30.1,1.68,100.88,0.393,32.6,-0.2,-1.5,0
03/03/2025,05:56:34,486,0,0,0,0.26,202.6,0.26,30.1,1.68,100.87,0.395,32.6,-0.2,-1.6,0
03/03/2025,05:56:39,472,0,0,0,0.49,155.5,0.49,29.9,1.68,100.87,0.399,32.6,-0.2,-1.5,0
03/03/2025,05:56:44,456,0,0,0,0.66,186.6,0.66,29.6,1.68,100.88,0.407,32.6,-0.2,-1.6,0
03/03/2025,05:56:49,444,0,0,0,0.6,135.1,0.6,29.7,1.68,100.87,0.404,32.6,-0.2,-1.5,0
03/03/2025,05:56:54,428,0,0,0,0.46,126.7,0.46,29.7,1.69,100.88,0.405,32.7,-0.2,-1.7,0
03/03/2025,05:56:59,407,0,0,0,0.83,105.4,0.83,29.7,1.69,100.87,0.404,32.7,-0.2,-1.6,0
03/03/2025,05:57:04,418,0,0,0,0.39,89.2,0.39,29.5,1.69,100.88,0.408,32.7,-0.3,-1.6,0
03/03/2025,05:57:09,378,0,0,0,0.11,247.9,0.11,29.9,1.69,100.87,0.4,32.7,-0.1,-1.7,0
03/03/2025,05:57:14,395,0,0,0,0.23,189.3,0.23,30.4,1.69,100.88,0.389,32.7,0,-1.4,0
03/03/2025,05:57:19,432,0,0,0,0.51,133.9,0.51,30.6,1.69,100.88,0.385,32.7,-0.3,-1.4,0
03/03/2025,05:57:24,474,0,0,0,0.36,152.9,0.36,30.7,1.69,100.87,0.384,32.7,-0.1,-1.5,0
03/03/2025,05:57:29,501,0,0,0,0.26,114,0.26,30.4,1.69,100.87,0.391,32.7,-0.1,-1.5,0
03/03/2025,05:57:34,500,0,0,0,0.19,167.9,0.19,30.4,1.69,100.87,0.39,32.7,-0.3,-1.7,0
03/03/2025,05:57:39,510,0,0,0,0.18,211.9,0.18,30.5,1.69,100.87,0.388,32.7,-0.2,-1.6,0
03/03/2025,05:57:44,501,0,0,0,0.05,251.8,0.05,30.6,1.69,100.87,0.386,32.7,-0.3,-1.4,0
03/03/2025,05:57:49,497,0,0,0,0.23,264.7,0.23,30.6,1.69,100.87,0.386,32.7,-0.3,-1.6,0
03/03/2025,05:57:54,503,0,0,0,0.54,219.8,0.54,30.2,1.7,100.87,0.396,32.7,-0.3,-1.5,0
03/03/2025,05:57:59,503,0,0,0,0.5,180.8,0.5,30,1.7,100.87,0.402,32.7,-0.2,-1.6,0
03/03/2025,05:58:04,507,0,0,0,0.54,145.4,0.54,30,1.7,100.87,0.401,32.7,-0.2,-1.5,0
03/03/2025,05:58:09,506,0,0,0,0.63,235.8,0.63,30.1,1.71,100.87,0.4,32.7,-0.3,-1.6,0
03/03/2025,05:58:14,496,0,0,0,0.56,237.9,0.56,30,1.71,100.87,0.404,32.7,-0.3,-1.5,0
03/03/2025,05:58:19,491,0,0,0,0.77,244.8,0.77,30,1.71,100.87,0.403,32.7,-0.3,-1.5,0
03/03/2025,05:58:24,487,0,0,0,1.13,266.9,1.13,29.9,1.71,100.88,0.406,32.7,-0.2,-1.6,0
03/03/2025,05:58:29,465,0,0,0,1.12,233.9,1.12,29.8,1.71,100.87,0.41,32.7,-0.2,-1.8,0
03/03/2025,05:58:34,461,0,0,0,0.47,274.3,0.47,29.9,1.71,100.87,0.405,32.7,-0.2,-1.5,0
03/03/2025,05:58:39,471,0,0,0,0.69,242.3,0.69,29.9,1.71,100.87,0.406,32.8,-0.3,-1.5,0
03/03/2025,05:58:44,485,0,0,0,0.32,201.9,0.32,30,1.7,100.87,0.4,32.8,-0.2,-1.5,0
03/03/2025,05:58:49,499,0,0,0,0.23,312.3,0.23,30.2,1.7,100.87,0.396,32.8,-0.2,-1.5,0
03/03/2025,05:58:54,504,0,0,0,1.01,350.4,1.01,29.9,1.69,100.87,0.402,32.8,-0.2,-1.8,0
03/03/2025,05:58:59,511,0,0,0,1.18,312.5,1.18,29.7,1.69,100.87,0.406,32.8,-0.3,-1.5,0
03/03/2025,05:59:04,504,0,0,0,1.13,293,1.13,29.8,1.69,100.87,0.405,32.8,-0.2,-1.6,0
03/03/2025,05:59:09,471,0,0,0,0.16,345.3,0.16,30,1.69,100.87,0.399,32.8,-0.3,-1.6,0
03/03/2025,05:59:14,466,0,0,0,0.51,287,0.51,30.1,1.69,100.87,0.396,32.8,-0.3,-1.6,0
03/03/2025,05:59:19,516,0,0,0,0.41,281.9,0.41,30.2,1.69,100.87,0.395,32.8,-0.3,-1.6,0
03/03/2025,05:59:24,514,0,0,0,0.59,247,0.59,30.1,1.69,100.87,0.396,32.8,-0.1,-1.7,0
03/03/2025,05:59:29,509,0,0,0,0.56,167.9,0.56,30.3,1.69,100.87,0.393,32.8,-0.3,-1.4,0
03/03/2025,05:59:34,524,0,0,0,1.35,169.4,1.35,29.9,1.69,100.87,0.401,32.8,-0.3,-1.5,0
03/03/2025,05:59:39,536,0,0,0,0.41,139.4,0.41,30,1.7,100.87,0.4,32.8,-0.2,-1.4,0
03/03/2025,05:59:44,540,0,0,0,0.3,15.1,0.3,30.1,1.69,100.87,0.397,32.8,-0.3,-1.7,0
03/03/2025,05:59:49,542,0,0,0,0.57,296.4,0.57,30.1,1.69,100.87,0.397,32.8,-0.3,-1.5,0
03/03/2025,05:59:54,542,0,0,0,1.58,348.7,1.58,29.9,1.69,100.87,0.401,32.8,-0.3,-1.6,0
03/03/2025,05:59:59,544,0,0,0,0.31,109.2,0.31,29.8,1.69,100.87,0.403,32.8,-0.2,-1.6,0
